id,tenure_years,nb_prod_act,pow_max,cons_12m,net_margin,has_gas_flag,days_to_contract_end,churn_probability,risk_rank,risk_decile
1b337781a10c8387817a4623783ca351,4,1,24.0,140028,738.0,0,153,0.6626320385148547,1,1
7fa519c9be32a4af772b73c67e03b50d,4,1,41.5,128239,734.88,0,32,0.6600053157426428,2,1
f83c1ab1ca1d1802bb1df4d72820243c,3,1,30.0,66383,669.18,0,124,0.6593400253282478,3,1
34cf6fff561a46bba348a5480e469884,3,1,80.0,194178,1109.1,0,345,0.6584984774717749,4,1
b0ecc107ec5c6ea99eb2eead66797871,4,2,21.0,4178,50.89,0,140,0.6524819522555605,5,1
8716c63c75820356b50d059b23a9615a,3,4,35.0,13329,90.16,1,202,0.6476829036477662,6,1
fdebf90d9ad0e90cdc34d198c3fbbe0f,3,2,34.641,11493,146.7,1,94,0.6451204462913287,7,1
4b8302651365380844efa445830c42aa,3,1,35.0,9558,177.88,0,122,0.6449030067126102,8,1
9244e7a421c7d52510f360d49d4f47ea,3,1,10.392,1711,239.56,0,88,0.6448100162070807,9,1
29845e1854e52db86e76bacaf298e2ca,3,1,18.41,43652,1987.83,0,30,0.6437350624056173,10,1
2209816a40e6fdcb1e1f8f8cf98557fb,3,1,25.0,10607,154.64,0,8,0.6429179725185379,11,1
21f6a6ae5c67ff4f9b2d1bf1c959e675,3,1,17.86,34760,362.81,0,136,0.6429043155668676,12,1
7877a2872a5e50bbc1a2e54702fe2c91,3,1,47.0,80461,902.98,0,346,0.642898777039243,13,1
130b726a2d6f86c97abdede718efc886,3,1,19.8,328,64.78,0,194,0.6426878837958687,14,1
17de083318fe87827b2b42c137a3bc75,3,2,25.0,388574,710.73,1,346,0.6405021032816669,15,1
904b20b1a37ee824e02b3def266e3be3,4,1,19.71,8303,111.08,0,84,0.6398646490294486,16,1
39399ffbee2eec9bfd6cc6c3d4ab76ec,3,1,34.641,8382,475.7,0,50,0.6396854946698102,17,1
9d6ada1917a9147adb410d461ca6144b,3,1,63.0,75671,788.15,0,339,0.6369530027470657,18,1
88abbe0a03ed77b91ce20abeae11a798,3,1,10.392,1224,169.53,0,54,0.6364219658152668,19,1
6faeddd3907b86e21cdeb9630d2a6cdc,3,1,16.5,54973,334.5,0,135,0.6345139322735746,20,1
22c99d0343c03cba38d12220fa1dae22,3,1,19.8,10317,78.01,0,134,0.6341750150509792,21,1
27a0c87880b2169c49c9419bb2cb0645,3,1,17.25,30817,300.72,0,107,0.6339100213970353,22,1
26130b28d4567a025e7427ec062efc0d,3,1,20.75,4028,36.06,0,73,0.6330806155601119,23,1
bac4b2732d71b4e00dd6b489f9de9ccb,3,1,17.320999999999998,11533,145.15,0,362,0.6320600112545635,24,1
e7bdc7743d73a9bf94cc3c6a293fca93,4,1,29.5,59935,2711.19,0,75,0.631903787558626,25,1
9c64b5f7f3b70ec73adb2a5c23257e6f,4,1,19.398,5890,109.49,0,143,0.6301323814693257,26,1
47a84301f61c9e35a90c5afca0bc7ab7,2,1,19.8,25352,296.04,0,201,0.6287147324475484,27,1
c8b49ef83d55d388f47d358a386af876,4,1,19.8,9920,117.2,0,136,0.6283548102844153,28,1
1fe90c1d5c7e023eff90fea8a41af093,3,1,13.856,909,160.13,0,78,0.6280288847392247,29,1
58c20a5f625974b5ddd76f6f5b4b69cb,3,1,25.0,10182,136.08,0,15,0.627485780897637,30,1
1b81aead95fd585bba10757185b62280,3,1,17.320999999999998,6236,87.46,0,286,0.6272107699508971,31,1
0e591e5c76639dacec7d23170fda6844,4,1,20.7,4244,31.31,0,32,0.6271237058106988,32,1
568d5bae3212cae9a7ae929df10312cf,4,1,20.78,9935,0.0,0,355,0.6271176713127539,33,1
9f080126baa731baf2fb5535ab8f067d,3,1,70.0,64103,564.8,0,354,0.6270015237249843,34,1
0435181ca2760b517b027a310fec5b98,4,1,19.745,2026,14.3,0,355,0.6243814945068225,35,1
768970ef5cadfed000b8b407defb90cd,3,1,32.85,67662,797.53,0,280,0.6237567319986864,36,1
479da5e8e1cefadc2c3e976d9e8ba8c9,4,1,26.0,14373,177.82,0,110,0.6236120470124423,37,1
5d7bf818c303476b7a9e44b1ada7d674,4,1,19.9,59387,124.14,0,153,0.6234999033781983,38,1
db27eaabb61a05529b25c5247906e03c,3,1,15.001,11278,163.38,0,93,0.6232623664461638,39,1
7d7bf82f7e03d9e7f60813ac3e638e94,3,1,17.32,17827,275.05,0,23,0.6231533990346078,40,1
2eeff76149b412fed5dfa71eb81bcc98,3,1,27.713,32075,398.77,0,349,0.6225261215906077,41,1
a7387dd088275ab507dbcf8f27188607,3,1,20.78,46759,266.72,0,186,0.6220629471671401,42,1
8e0120f5f4cea61e0c4583e0f9f63647,4,1,17.32,22155,243.0,0,184,0.6216932204657024,43,1
fe0effe462cf851ec58677332fb8e02c,4,1,27.7,9935,88.27,0,355,0.6216186719886749,44,1
5f5c9d32b685b653baec9302c3d87550,4,1,17.320999999999998,6292,67.65,0,42,0.621502971320878,45,1
c11b8c59a331b9d01768c90d240a9347,3,2,27.6,128945,510.53,1,362,0.6213898910443777,46,1
a2a942827aa15106aa8e84eff1571788,4,1,60.0,222975,1286.57,0,25,0.6209686269246685,47,1
3599604f49b3768610c0fc8b2f52ea51,3,1,25.88,7025,87.04,0,202,0.6207867365020309,48,1
7e2763333b4aa4bec80cb0127afc1361,3,1,25.097,34575,461.22,0,151,0.6202376222829571,49,1
dd044ab454732ae5972ad7065a4404f5,4,1,26.0,25802,283.51,0,3,0.6199536433130229,50,1
b1b88ad5337b366a8119f18df3653a86,3,1,41.467,40586,533.85,0,128,0.61897870610063,51,1
836a15d4c3b2a8d51b7ac210ca086984,3,1,26.4,12235,150.07,0,365,0.6189176056207943,52,1
cd66b6bba3aec72b9b65efd273a43398,4,1,27.321,60062,644.48,0,349,0.6187985742142396,53,1
f323ab07b3d923c50d2342a47c34e989,3,1,17.320999999999998,21855,238.43,0,363,0.6187510337605255,54,1
44eed234ed9839da60e00b087320ac1a,3,1,20.785,14316,162.1,0,347,0.6187274109320151,55,1
a8909ca0c4a85f075fc91b55a68cd11c,3,1,17.320999999999998,97894,6.12,0,53,0.6175479384727274,56,1
a9f05668b3deb6a8f82d09d7d5dcebdc,4,1,17.35,11474,94.12,0,348,0.6169632584015016,57,1
ebe579f19a0a40ded74a6a5fb246c438,4,1,19.8,4332,43.99,0,143,0.6158655002598828,58,1
c915814230980a756acbf73976debeb9,3,1,26.6,8763,122.64,0,254,0.6156107264709783,59,1
ffa2f5d8f3f34ba440c4cd50e3216916,3,1,15.001,12125,132.38,0,93,0.6155142517247882,60,1
352fa0ef0fdb3c21328ef497c78ffa06,3,1,20.785,572228,604.41,0,137,0.6154984762056892,61,1
83515b52f90127e522ead3c74419de9c,3,2,26.4,86500,533.04,1,128,0.6154168752153858,62,1
a9067af5f92a309fd2ed38c2e39de5c4,3,2,24.15,18106,292.3,1,67,0.6153738430452738,63,1
00bf3995126e432218c5a50ba3d03546,3,1,23.1,17064,205.47,0,208,0.6152295672911445,64,1
4134a103e1a66c5ba69ab608d5e54096,4,1,16.5,32804,329.59,0,20,0.6152164622329329,65,1
0c001227ddc8c75399821ddefd668871,4,1,17.320999999999998,13710,168.47,0,348,0.6148394598305147,66,1
32767c4e17645b50abc97aa087ec8bb1,4,1,23.1,23929,301.06,0,83,0.6148354483505788,67,1
62adafe742be7330ea6de624815fae48,4,1,17.32,5933,62.07,0,133,0.6148279667368816,68,1
0bfc9e2d44c6b39e6b0e357481f602f0,3,1,15.5,19244,242.52,0,66,0.6145144100076224,69,1
aa05443c0f9279204914a8f2377c3da4,3,1,23.036,16357,200.54,0,362,0.6143971105722422,70,1
6ecd593f1eece8fa64ac76852b773917,4,3,25.0,182878,1022.23,1,300,0.6139536392652718,71,1
1d8e17bf13218e671e968871e0c6373f,4,2,24.248,8841,108.61,0,363,0.613933455040146,72,1
9fd23639d31247c2e115689027b2c5db,4,1,90.0,337760,1888.11,0,27,0.6138310798753568,73,1
ab3dea5cf349abfa77161a8cb1f1e662,3,2,31.5,10901,123.98,1,122,0.6138085520612138,74,1
2396427689a9a67ee3bb339af5116b3d,3,1,17.320999999999998,3488,46.24,0,17,0.6136705165034412,75,1
a8ae4eee59a37685dcc0bde8042769a5,4,1,20.0,50086,551.78,0,204,0.6135821299231242,76,1
62b0996549a9f6047ed6037be51bca51,3,2,15.5,5162,65.06,1,131,0.6135633068262895,77,1
f663b6cc47b037fb6d49bcf0e99a3020,3,2,30.0,69286,710.5,1,346,0.613123036038621,78,1
62337f8e17f9447262214d2af0b9f4ae,4,1,25.0,8878,126.91,0,327,0.6130691869336304,79,1
5e7620d4e0c608b19f8646abbecc920b,4,1,16.5,10687,120.33,0,322,0.6129853870630307,80,1
d67e76d10996be425947b558741c35c0,3,1,33.0,7234,83.06,0,284,0.6127653222978692,81,1
6363bc245cedffe9f95328e85e1d39b0,4,2,17.0,20559,287.81,1,130,0.6126960528422227,82,1
61e9428581049a707c2755e96f1ea99e,4,4,15.1,1514,12.43,1,181,0.6124865933724762,83,1
298619a8a677d264ef12304f32ad5e98,4,2,25.097,55611,559.15,1,40,0.6122216632500972,84,1
5d00d51874dc8707cf27c63763b48c29,4,2,25.0,17662,314.63,1,146,0.611939438768625,85,1
a83153c158b3e396f970da581a3e5e93,4,1,41.5,12235,137.2,0,8,0.6118401598789596,86,1
d00e8a9951b5551d8f02e45f9ed2b0dd,3,1,50.0,290003,10203.5,0,284,0.6117623625296305,87,1
2e919eb3efb9eb8c1cf5d33a88c2fd5e,3,1,23.1,7324,83.51,0,299,0.611683377599584,88,1
280e5b96989ea86ee9a99698ffe81ba1,4,2,27.71,3870,48.43,1,361,0.6114206686730654,89,1
224b26985c13be8a783088175ff6a79e,3,2,60.0,95552,958.06,1,135,0.6111801560754379,90,1
fc8f5dfb1f78124502c0ba26d15e6093,4,1,20.785,13628,158.69,0,131,0.6111387210554778,91,1
d0ea3166c6a9cd87a93a4545e1f7bd78,3,1,44.0,9095,134.77,0,23,0.6111115788847028,92,1
ed2a4b8e07d91b29465b8b09933ab960,4,1,200.0,182830,545.27,0,357,0.611082159189688,93,1
83266f00f2168a367ae888aa72202658,4,1,40.0,46231,347.77,0,184,0.6110523563725553,94,1
c0007577f485e5b37165c93c252b7f80,4,1,20.0,13844,173.43,0,129,0.6110153311751519,95,1
b0adb9ac49f2f6a1f562b378a4f01138,4,1,22.0,46486,544.32,0,260,0.6108632955180622,96,1
e95f1188dbc7247fbc0104d283e22dfe,4,1,108.0,401088,1857.4,0,25,0.6107904310255068,97,1
5cfcac16bf76d95edd04209bfbff0895,3,1,51.0,29669,341.73,0,129,0.6107709699399614,98,1
783f1cd24ba3067c77f24b085632ef79,4,1,19.8,1251,15.74,0,24,0.6107525034550194,99,1
63b387f9b15aa773774eeb21973a6f61,4,1,20.0,10421,132.43,0,358,0.6107453384287678,100,1
3bbbdff45250c760abf8bc33f92fb819,4,2,25.0,42205,423.42,0,211,0.6106173687211123,101,1
a7b9672920e8a24be67868634e00ab74,4,2,29.7,64960,750.5,1,320,0.6105888459662326,102,1
eded4a622b6ca5113ff91ed1e398dafe,3,1,27.71,8103,102.18,0,339,0.6105475480144872,103,1
0ae229ae741980a66b99642d4d83cdc8,4,2,19.8,25688,304.75,1,363,0.6104275496683893,104,1
09dac4dd0cc43f6b6fd432094b66e3da,4,1,46.0,17777,188.89,0,2,0.6103866001982418,105,1
a5cb74bb90c992a62bfc6b8a7c0db94b,4,1,43.646,8624,109.91,0,191,0.6103023999725518,106,1
0fc0574e030da230810095b10843087f,4,1,24.8,9710,125.94,0,315,0.6101485941448236,107,1
9c4d52856aa5fbfd3dd6bf07f472c6cc,4,1,26.3,3967,67.04,0,68,0.6101451204524047,108,1
9d860782b2d210345231cb660828b48a,4,1,23.1,9456,117.9,0,285,0.6099685994235726,109,1
818b8bca0a9d7668252d46b978169325,4,1,25.0,95505,4346.37,0,29,0.6098437659902065,110,1
8207b8396c6a4cbb0c0c68a3974ce1b9,3,1,22.0,12772,166.83,0,123,0.6098278894904494,111,1
866073d4f02819c6fb2bda87c9f263cf,3,1,8.8,18896,195.82,0,14,0.6098054571975235,112,1
0ccc2948934ae51df8fb79d2f7ea4304,4,2,20.0,39446,266.73,0,239,0.6097207886342695,113,1
348f896dcb88f193cfdca1f9ca9e4529,4,2,17.320999999999998,7575,51.77,0,161,0.6096266281293239,114,1
ba593ff0f75ffdd24b54ebab54d7ea5f,4,1,18.0,35153,60.75,0,348,0.6093407488788602,115,1
3d22f293745a0222d0b2d4223bf769be,4,1,20.7,12195,148.06,0,89,0.6092958993681868,116,1
f4813dc46146e4b7b9f1934c6100b7d5,4,3,45.0,34125,435.32,1,136,0.6092823453990057,117,1
f2e240c85d5273a6bed5a0b38df9b4c7,4,1,13.856,13304,964.93,0,35,0.6092572368913641,118,1
0d2473de52e43e09dd0ecdb3d4333d63,3,1,18.0,14630,174.48,0,64,0.6091730623436843,119,1
44ff75399c0eab73898313aa2ec21ba0,4,2,20.0,4646,62.74,1,343,0.6090748426423055,120,1
d2c6a6412baa32092f582bca3217660f,4,1,19.8,34866,400.69,0,32,0.608977593258047,121,1
16af5c5dbe0413f6a2075dee8834eef1,3,1,13.2,82696,282.22,0,0,0.6087358438266851,122,1
7eee091d299541f313ecf996dc76da7f,4,1,33.0,23735,294.45,0,139,0.6086235928570357,123,1
54b66f258644ef52cfa96b770156237e,3,2,80.0,90083,942.96,1,187,0.6085068076886112,124,1
7d8a5987812f15ea680fc5b78cd1d5f5,4,3,20.785,19836,247.85,1,136,0.6083551861978065,125,1
83f5002b66ee6c4676d35e64931082d4,3,3,33.0,79066,865.61,1,236,0.6083391330623719,126,1
31f2ce549924679a3cbb2d128ae9ea43,3,1,50.0,41078,566.27,0,116,0.6083054589751232,127,1
75bc0c467e34717282cb63779718310e,4,1,20.0,273212,486.74,0,75,0.6082859909610585,128,1
e552ede3ad6271fb73560fc530681c53,3,1,28.0,103675,936.13,0,208,0.6081764778799453,129,1
effd22f8e6253e0d6586a1eb903ee4b8,3,1,69.28,62774,658.65,0,346,0.6081762385399438,130,1
aa29733e21626b7002f2165bfe1a046c,3,1,23.1,357647,331.43,0,346,0.6081388396167831,131,1
3009f8803b8027d1a4e4242e1ff6ef30,4,1,28.57,208888,585.01,0,87,0.608068672803691,132,1
80c06d842f931db264dd45a8cb1f474f,3,2,25.0,35939,404.09,1,56,0.6080295701145566,133,1
65afe7f2125fd9cb8335f9b135fb4ff2,3,2,27.71,16722,204.3,1,145,0.6079659242739033,134,1
d36c76e73d1359f4199782be9db22c98,3,1,17.320999999999998,5395,67.12,0,215,0.6079147521778612,135,1
d9c6928178bb5de5884170d982368ba1,3,1,17.320999999999998,24971,343.15,0,357,0.6077110846640534,136,1
556c2393bf1b67b365cb37b09c2246d9,4,1,17.320999999999998,35005,0.22,0,103,0.6075457469812067,137,1
c3b88800a1a1186785c3c6caae006ef6,3,1,44.0,170463,404.41,0,44,0.6073028882252641,138,1
0013f326a839a2f6ad87a1859952d227,3,1,20.0,267414,341.58,0,25,0.6072977458788035,139,1
623ab65723d7165011763f11b7187b02,4,1,19.72,11585,159.99,0,110,0.6071914827879427,140,1
97a6aa9219e19c87a331317ca48f2df6,4,1,29.7,21388,265.97,0,151,0.6071384273445833,141,1
8dc018e7a387c73803e0c7da8fd99b00,3,1,43.648,15551,215.75,0,300,0.6071152401640122,142,1
0b7c23110587cbb6273763c745f220d7,3,1,30.0,8924,96.37,0,290,0.6070590721129111,143,1
b8f6efbe903546e2806a8f26e582f023,3,2,25.0,42986,324.42,1,105,0.6069807049488583,144,1
9c87f2cf340cc9cd98b295d43e0c2371,4,2,20.0,41512,555.06,1,344,0.6069728992687271,145,1
36c164a277fa9903ad34e84ea437da5a,3,1,60.0,139062,292.94,0,346,0.6067067519815887,146,1
a0bbb9c796012dcb3bf30ae1aa618627,3,2,17.320999999999998,23483,297.08,1,74,0.6066976079770972,147,1
207e7319fb5e5a4c4892c07099f551e7,4,1,49.0,3712,173.91,0,113,0.6064769050657324,148,1
53b3ba959ec13583461fa89d7ab30b77,4,1,30.0,44226,544.46,0,143,0.6063995759244732,149,1
ea3ec53734ef7cd26cfb08ee38832f76,4,1,20.0,9988,126.27,0,236,0.6063715218447088,150,1
cb39ed1cfa35eda234358d52df205174,4,1,17.320999999999998,8201,109.04,0,75,0.6062548555063993,151,1
176d56816b0c581c6d908fa7b40a94cf,3,1,31.0,7858,76.79,0,203,0.6062321133085115,152,1
97c6acbfe416ec85224c61a5425ee9f9,4,1,27.71,17053,222.33,0,125,0.6061325083433168,153,1
54e34064cfd7b59d28e1535df12a6fca,3,1,20.8,11901,176.11,0,137,0.6058583523760381,154,1
d5ca5986a3db70517dd5fb30245f9672,3,1,52.5,32795,389.34,0,88,0.6056600534840626,155,1
593a5a2e8223a2d749a40d0b7578a140,4,1,19.8,6856,81.48,0,13,0.605521331915174,156,1
3c0fdddfe7b70c6a4b41e458c73fb4c9,3,2,25.0,4791,69.84,0,22,0.6054623571196861,157,1
38204a8719263fb85ad0362458089d94,4,1,17.320999999999998,21762,265.67,0,342,0.6052517406547886,158,1
5ebb0af19df380ebbbd1ce52f04f4ee0,4,1,56.0,66286,764.88,0,294,0.6052475767064592,159,1
0f8a234b087a15d46e80dc318b41ee04,4,1,19.8,2716,28.77,0,356,0.6050033564079645,160,1
73db84a2692884d70436a2a496680527,3,2,27.71,78574,697.02,0,4,0.604826972340326,161,1
417dace351647edd8e8ade3b179fae88,4,1,15.5,110534,128.82,0,19,0.6048255869133676,162,1
c569134fe60a146b89d00e229a050542,3,1,17.320999999999998,23712,325.58,0,270,0.6048147170254051,163,1
64701769e49da5475a7908ba41c143f2,4,3,22.8,7765,99.74,1,86,0.6047654056770871,164,1
7116d714e338696b99bc3458a0a4bc9c,3,1,19.9,494,1.46,0,207,0.6047646616624583,165,1
ce80d534b734976f6f0efdf06a57d266,3,1,17.73,17188,224.09,0,327,0.6047423546412695,166,1
db2ae622ee38348fb70f1110a8d26b84,4,1,19.398,63539,662.17,0,362,0.6045218960540665,167,1
c58c2746604d9745af4b69d33dd2db2e,3,1,49.4,18518,287.38,0,132,0.6044325126905412,168,1
cc799ae15a5d0dbc73f34a28eb21e8a1,4,2,20.0,25983,219.75,1,285,0.6043280310879944,169,1
afeccd159118276cfd41e3588f694b6f,4,1,31.2,3078,64.27,0,94,0.6041917822130526,170,1
4162a5243c67678f4a12d1c43e5ec6d7,3,1,13.2,1961,267.31,0,306,0.6041730461091245,171,1
53efc4635e21aeed268cd30b5805ddfe,3,1,16.5,4135,45.2,0,359,0.6041471417892064,172,1
3e750adc92fa53326a242c01e0510d4b,3,1,43.648,7,0.23,0,11,0.6040959903237632,173,1
78dbdc8a50b575e83221e0b2b1bd014a,3,1,22.17,10304,126.77,0,250,0.6040823274780394,174,1
c6de28f2f999779bdc4a7686bdf23d90,4,1,21.0,11276,139.35,0,117,0.6040362878455018,175,1
21adcb5571d4390b0e18374f7523a4fd,4,1,26.4,7838,95.71,0,146,0.604027009387792,176,1
ee98a86efa759681cc59c7d4e0d0312f,4,1,16.0,73771,3407.65,0,28,0.6039290067787798,177,1
b05fe3e04ab38c68784c783d97bb55fc,3,1,17.25,4904,70.85,0,212,0.6039148500587608,178,1
74d4c77d5e3b67eacd613a6652f2a212,3,1,19.745,4330,50.31,0,17,0.6036420468853654,179,1
99968cca1ca316537a70aaaacefdea76,3,2,60.0,23363,295.02,1,125,0.6036070874961382,180,1
1d95ac533f773dceef9e893a82f0b406,4,1,50.0,86254,665.49,0,296,0.6035573726981193,181,1
25802007a9735145121dca1dcb5c9960,3,1,41.5,210592,220.01,0,312,0.6035136347711304,182,1
960a9c9a105a096059431a50c2fe2494,3,1,15.001,85074,885.74,0,0,0.6035007361313788,183,1
39c1c538c36493fe17cfa7d27f8e02fe,4,1,21.04,24782,305.91,0,352,0.6034200028961321,184,1
57af294b9af103332d9db243745aa36b,4,1,21.0,9008,58.97,0,37,0.6033796575935858,185,1
5b8218cdb4964c6a069afe1c3fdf1fa9,3,1,19.8,34254,441.65,0,323,0.6032685825596418,186,1
b3e3912b2409ebca0a26eeb9f7e8242e,3,1,20.0,22153,252.51,0,290,0.6031583496631177,187,1
2d4ccfc548a2aa34b5c40b63b12da7f0,4,1,98.0,172079,1164.19,0,284,0.6030636180253983,188,1
22c807610e6374f80ffe88d38a283e4f,3,1,20.785,23191,311.04,0,363,0.6030592526542179,189,1
708ba7a2d970bd2848a6fa4447d96719,4,1,19.8,33514,185.89,0,342,0.6030396384173046,190,1
6b2f0b6e87aaa8d4320cd63eea857227,4,2,43.648,2233,74.15,1,355,0.6029827349404637,191,1
9b5071e3f2289ab4887a863ac4470767,3,1,23.1,18597,248.3,0,57,0.6029572299876449,192,1
b5419acbee1336d0fdc1a89d3f4f506a,4,1,20.0,7432,100.73,0,350,0.6027938821228561,193,1
978cfd9706f6b7cfef17b65aec9375f1,4,1,16.5,22001,181.02,0,363,0.602631845004992,194,1
2465b048bb7ea1c47eec8a78739961dd,3,1,23.1,9686,175.45,0,247,0.6026080438829374,195,1
310d00fdd6328b9c77c64ab724a9395b,3,1,20.785,1264,16.62,0,271,0.6024029912075417,196,1
073a4deaf790d32dd8c30483aa31fb0d,4,1,45.0,80680,935.78,0,52,0.602330219174019,197,1
70301fceef06bf46493ddc8bf3db6a52,4,1,17.320999999999998,10604,116.88,0,8,0.6023001312602849,198,1
bd0628d04179abf0c14e76044a2a670f,4,1,17.320999999999998,24816,301.81,0,131,0.6022871853810983,199,1
e5589f4f7d8ed74c47ddd700e1a4aec4,4,1,32.0,43086,566.64,0,322,0.6022428375674884,200,1
df0edd6b1b907bbcdd5b285432aeb747,4,1,17.320999999999998,6222,83.96,0,190,0.6022181878976848,201,1
3e41e42f369f02383cb720aa3368fa77,4,1,17.32,6533,87.96,0,342,0.6021407783691703,202,1
7dea36a369604b308dc5158610fcdfe9,4,1,19.8,33892,520.45,0,322,0.602074313295269,203,1
135706c5d9d6e8db25bb54f7c8c44c26,4,1,20.0,35609,453.6,0,133,0.6019568447701571,204,1
214c72022d0f080b6f676ccc4b66c644,4,1,19.72,35154,85.82,0,137,0.601900581224361,205,1
9a5fc631dbdf3e0bf9910d9b8cc80769,4,1,23.1,14813,166.23,0,319,0.6018267749190095,206,1
726e52ea83ca2527b6ad999595806b3d,4,1,48.0,44650,585.63,0,224,0.6018058886858253,207,1
ea26723ab91baee95bdd51f58eed2c54,4,1,17.32,11132,53.7,0,151,0.6017040348154912,208,1
d218c98deef77c705fe6f1c3db1674c8,3,1,16.82,0,0.0,0,4,0.6016879200886367,209,1
904152da8cef6240ff37a9e115f26c19,3,2,29.7,216676,701.13,1,135,0.6016018913714272,210,1
bd6118f8433aba7e794643ea7048935f,3,1,31.5,1981,28.92,0,151,0.6015295512012482,211,1
8d1a9ca8f30c2ebb7f73bf57b6f2c46d,4,1,18.0,30962,369.79,0,117,0.6015051062871982,212,1
60006c29d996bc6c32a5e34aeb9b7d20,4,1,27.713,8236,118.1,0,197,0.6014040208241297,213,1
5bd2f0dbf0e8ee246e777d1bb58c86bc,3,1,20.0,24259,310.21,0,193,0.6013649840775084,214,1
aa35ce130cce3f1a78277f22f3d14e3d,3,1,20.0,35766,465.12,0,206,0.6013435555062716,215,1
896902e8d06bc3d3ed4e4f38eb0e9f12,4,3,80.0,96449,986.38,1,42,0.6013194106513596,216,1
8bc5f4476f690143e49939710de9db74,4,1,30.0,5674,71.24,0,88,0.6013030121375448,217,1
04d723a1dfc953ee20c420e465a83ca0,4,1,20.784,7995,101.34,0,190,0.6013002314457006,218,1
881d231222af03075c9b7b2777a9ab5f,4,2,41.42,73469,842.73,1,252,0.6012403555614768,219,1
87c53cfbd4644a9fc572a95b7df6553b,4,3,25.0,44218,537.47,1,363,0.6008777466744849,220,1
a219e5d23a255a12e32705f1b4bbf8c7,3,2,26.28,37116,390.53,1,123,0.6008689407834401,221,1
c6d44aac7e86565c0db160936617483f,3,1,23.1,47177,505.25,0,72,0.6008125147648321,222,1
3ad28b9354c91f51f5a34f06f21526b6,4,1,20.0,13405,167.06,0,106,0.6007009969062355,223,1
21b1a04d13ff091b721991632862337f,4,1,32.9,34418,431.65,0,38,0.6006543008173123,224,1
1be33132638ea0fa7f459b5cdbecf8dc,3,1,155.88,57700,632.95,0,186,0.6005486887145314,225,1
5e7f6415829d7bdb593401deaabc0485,4,1,15.935,10738,200.44,0,330,0.6004793663219775,226,1
a5b188af7e1738810ae2fcf9b115a6c5,4,1,20.78,5782,102.82,0,136,0.6003502797959609,227,1
ea91de46110da8177666ea62324a7aaf,3,1,17.25,38802,453.26,0,215,0.6001901348239336,228,1
2a5dc830d0f2810a9f1fef26e8e594b4,3,1,16.5,5658,77.18,0,179,0.6000799450593574,229,1
0a94d623d227b77dde37a17d077bdb99,3,3,19.8,24067,295.88,1,15,0.6000266337458414,230,1
7f13f2c0b3eedd8d4d3d427ccd29d0ff,4,2,20.7,14665,131.88,1,118,0.6000039846775737,231,1
29c97251fca20ec99af7819d2a56888f,3,1,19.8,52473,601.76,0,305,0.5998803652313022,232,1
8129f4f475a808e750d96f261a682696,4,2,10.392,12605,1118.48,1,32,0.5998371903182733,233,1
79d305be61abdc6882b8343a31735047,3,1,18.0,88221,391.69,0,289,0.5997627480187594,234,1
228497e016a14dfebbfc8742a7dabff0,4,1,60.0,23737,1112.53,0,36,0.5997445420384918,235,1
8f52ace6580990e5fa3e82caf3f035ad,4,1,17.320999999999998,34522,437.74,0,217,0.5995821107110336,236,1
aa4ebe702fbcc868bf500086ae083ef3,4,1,16.5,10527,111.52,0,11,0.5995742166591637,237,1
9ca8c6440805133f12675ace22615371,4,2,20.0,9343,114.11,1,130,0.5992664607764014,238,1
58eab0ded6a4a2698bc7f179fda50d8b,4,1,39.5,37591,189.82,0,136,0.5991615178006222,239,1
8edbd10b24bb0cce306a2f46ab164247,4,1,19.8,38998,402.28,0,299,0.5991149932231715,240,1
b199686505f28ed74e725beb8d96543e,3,1,41.5,45759,539.92,0,324,0.599112486624291,241,1
8c754ed545769094ac652456aa7d7110,3,1,40.0,43901,289.11,0,269,0.5990618924999391,242,1
db54c39d403cde50ae3aeb98fd113b89,4,1,44.0,67533,589.56,0,105,0.5989980825620421,243,1
e2d7d85936253474bf5436d969194bac,3,1,34.641,40477,496.43,0,137,0.5989348057044251,244,1
c3d20b11a120c132f891adfe04d47fd6,3,1,45.0,7,0.09,0,22,0.5989230283444417,245,1
ff815cd2b6c1a7a4c5e85c465471d975,3,2,30.0,45642,577.99,1,307,0.5988651549181077,246,1
790ca86288575aadee7ac0bbf45260e5,3,1,17.6,59807,684.47,0,287,0.5988200346368199,247,1
56627b3200056b8f4c68b347caede1fb,4,1,17.320999999999998,15562,226.71,0,144,0.5986669748975052,248,1
21ee963aa3e4acda350a67efea20907d,4,1,50.0,3386,98.81,0,97,0.5986609844906561,249,1
7668f0298a27bec7af67077a2fa53cc2,3,1,20.86,40233,507.11,0,189,0.5986553464229222,250,1
a53585e51bc5aa16545a96cb158287b9,3,1,23.0,40188,528.02,0,284,0.5986155094975883,251,1
0ef7d049f08d537bd8d9b22e44fb3996,3,1,17.25,62328,627.94,0,134,0.5984092191721357,252,1
dc997c3c0b9c314ae9cf91b57eb668cc,3,1,17.320999999999998,13495,165.91,0,355,0.5983610734029894,253,1
59a49e2458b469c482f5f83bab6dbef7,3,1,29.7,33862,370.29,0,365,0.598359440902388,254,1
e671efa2ea26148fc32062ba5a772d76,4,1,19.8,29160,309.34,0,86,0.5983245783871155,255,1
3a900e8752befaae89423063dce53161,3,1,57.0,75311,627.21,0,247,0.5982818280643523,256,1
c86e734960f1921fb0ccb8d8b258af9c,4,1,30.0,2687,15.71,0,288,0.5982686940424691,257,1
d8e15436b055a13446d038d5383f8d40,3,1,41.5,14072,123.54,0,239,0.5981173899646621,258,1
d06eb2cbd0d579a5d6d530faf62bc1fc,3,2,26.4,21835,202.61,1,204,0.5979912059155373,259,1
255b08f38fd6fc0d211648daa38e11e4,4,2,25.097,25612,369.38,1,174,0.597970287805606,260,1
5843e099e1d33e6a6bea2cdc6eede618,3,4,27.713,12521,124.87,1,325,0.5978025880034473,261,1
14d6c5a28594f806be39ec1d3488572d,3,1,19.8,2562,30.8,0,362,0.5977927672674139,262,1
f418a3a75a91bf7bb792ceab074d3e47,3,1,31.5,23222,301.51,0,189,0.5977575159925237,263,1
93014862d20f26ca52bee662076d59b2,3,1,20.785,75156,252.92,0,295,0.5977082641013008,264,1
d453c4ad8d83c330c98fea4aca53da0a,4,1,35.24,92781,873.64,0,102,0.5976504459907598,265,1
fc57cf42a8443934a56e07da5fb7648a,3,1,25.0,30124,374.33,0,143,0.5973587297674889,266,1
236c4d57057956e3d8ca50375e65f7f1,3,2,24.0,27162,203.98,1,144,0.5973380644703461,267,1
a6a2e3939b08b3dbe1dc124a703d3ff4,4,1,17.320999999999998,7021,72.44,0,142,0.5972509278145233,268,1
05009a8703bccdd3d870fa45fad934c7,4,1,19.8,24362,314.17,0,313,0.5971808564510998,269,1
9a0411074f84ea385f555943f27a2d81,3,1,200.0,575869,2653.59,0,2,0.5971525780940753,270,1
a7dd077b64b3ee806d3c1e79743e33a2,4,1,13.2,20765,1188.55,0,284,0.5971413325689063,271,1
7dbb6cf2c2c0ac5c284dcbe5aae8bd0f,4,1,20.0,86254,84.61,0,317,0.597123488120158,272,1
eda8d26f5c085bcd881d5881538335c0,4,2,80.0,39656,474.16,1,101,0.5970512485724864,273,1
8ba4d1d2cba67543cf90e5c6c7758375,3,3,17.320999999999998,15215,197.32,1,328,0.59701824385538,274,1
2503a3593baeec126d9454cf93e9671c,3,1,54.0,39269,440.02,0,186,0.5968124020656351,275,1
e06b1c7418193ff9f5379ec70345568e,3,1,20.785,21733,293.96,0,332,0.5967814159500443,276,1
59ce205e56046305f8edfacc708b5cfe,3,1,20.0,20834,64.74,0,274,0.5966463787743675,277,1
7e17eb8fd8a68fe1afdd3af353ccfd67,4,3,30.0,30657,367.57,1,53,0.5966284259038747,278,1
9bc436ff5366bd8f894e672d8b5958e1,4,3,27.6,18654,233.42,1,196,0.5963878486674213,279,1
701871291b7c92ba6c16e089ad297f25,4,2,30.0,19388,222.62,1,180,0.596304397741764,280,1
6b74dbe7a0115c5b11666e3bdc337537,3,1,17.320999999999998,26594,300.4,0,195,0.5962511328249495,281,1
6867eb287ff78d647692ddacbcfb08dc,3,1,31.177,32543,84.0,0,314,0.5961345422697264,282,1
fee545ad6bb727d436a5d4048eef329a,4,1,34.5,43303,310.0,0,190,0.596091493619636,283,1
e7df8cdd777727bcd044e05b498210ac,3,2,29.7,51228,559.0,1,349,0.5960372026919654,284,1
b5a442494849b6e738751358c38d6178,3,1,17.320999999999998,3984,34.81,0,298,0.5959943154985277,285,1
3cbcdc2e58fd86173c63d29b14bf06ca,3,4,19.8,19383,234.54,1,13,0.5959658558265831,286,1
c854b26113307311c6dd2319ed1f613d,3,1,17.320999999999998,1141,31.93,0,101,0.5958515713813409,287,1
fd773dc4840b7a5a2a267d3584b0d857,4,1,17.320999999999998,40588,501.54,0,67,0.5958388874983531,288,1
6ea6f5a756ba52ebe0f36b2116e80063,3,1,66.0,70364,728.29,0,297,0.5958176349604586,289,1
dba352be10dc6811da8a1667fa4aa9ed,4,1,26.4,12456,135.92,0,97,0.5957883070220032,290,1
25e5d80d534c29512c564884668ab2ce,4,2,19.0,20761,182.71,1,6,0.5957614986264125,291,1
d4940ee6ef02cd7dc293a4c2cb1a668f,3,1,75.0,30549,389.08,0,327,0.5957612944322664,292,1
9259a9c46f88332fd1c1963351ab5915,4,1,17.320999999999998,7984,111.36,0,119,0.5957371583194659,293,1
9d9040eb841551289c52e29199f7e5ca,3,1,26.4,17005,202.85,0,113,0.5956873355543794,294,1
56e37fee8a721fd9a4f8cb30bb161d52,4,1,27.713,13278,148.64,0,129,0.5955900469831932,295,1
fccdcb767463181d75ad5fee52b6bc19,3,2,23.1,406552,590.97,1,117,0.5955476501801588,296,1
229a53b9d896a5589e84ece98856b13d,3,1,27.713,31354,117.04,0,128,0.5955226992056206,297,1
5f7a0cb98646eef80e113fc7a24ec25d,3,1,29.0,50220,533.84,0,23,0.5955022742731799,298,1
2777da9b2f8846cd77ea8baff4d0dfe5,4,1,70.0,50181,551.62,0,58,0.5954849903026129,299,1
af4eaf085ede58b5916f2bc21d48d83a,3,1,34.641,34461,377.5,0,58,0.5954806443925393,300,1
87a5ea56e061afe97d05f6143d0175bc,4,2,31.5,65399,490.31,1,290,0.5954678305042473,301,1
1d1aa29b1bb3bbabac19a046afeda0d0,4,1,27.713,46143,442.85,0,196,0.5953961118012187,302,1
b6c90140d800cd15699f21d07c3341f7,3,1,17.320999999999998,8791,82.53,0,211,0.595392391094293,303,1
4971a58ef9ce84db28f6e283f8a5cbb1,3,1,67.4,77252,796.1,0,188,0.5953808431530263,304,1
7b4b0c82ef40b3fd44682f6db65b9a32,4,1,43.3,3890,40.61,0,339,0.5952591923402776,305,1
70d1907404c9e1d00298be0fe8c291dc,3,2,25.097,5878,83.26,1,83,0.5950488323969734,306,1
16fef375e953b289008b60a103d1f4cd,3,1,17.320999999999998,13174,171.37,0,192,0.5950276482079719,307,1
3b1de99b281d241241670f08509207ad,3,1,20.78,2029,24.21,0,327,0.5950172109070463,308,1
f57ca8a4c893c29f1b2f64f01611f7b5,3,3,34.641,14322,195.28,1,326,0.5949570354795678,309,1
c93b2b80cce64045f024488fa5a6c5a7,4,3,28.6,7534,113.67,1,317,0.5948515045309761,310,1
a7f529cfa9f12f1904e31bace30d39e6,4,1,17.320999999999998,15833,180.68,0,100,0.5946654094384763,311,1
ae818f3cc00ef5845416699aacc4bd7e,3,1,23.1,8310,102.52,0,325,0.5945815229973798,312,1
00b231071b41af9280d7c3e840243485,4,2,19.919,48923,611.49,1,10,0.5945379798897329,313,1
e91c06aec14cae7341de836e3c097beb,3,1,35.0,25831,328.34,0,256,0.5945317747794306,314,1
0de5c818eba69855e3d27a63c3eda101,4,1,23.1,5494,74.78,0,203,0.5944538207354357,315,1
46a750f73fa0facf97ed8c527b200840,3,2,20.0,24864,261.8,0,192,0.5944456960430906,316,1
a43b295250f53ee3276f293e8ad6d300,3,2,15.1,14053,141.41,1,0,0.5944045118098995,317,1
2b8479c04797b7a5ab5aca311e7ea43b,3,1,19.8,46747,592.76,0,263,0.5942930423977686,318,1
f7e48a744b07cf0a08c43930279c6abc,3,1,17.3,15822,81.96,0,228,0.5942150739287275,319,1
7ac4a7e5fde34b44ab8888d89930fb80,4,1,20.785,6143,73.53,0,139,0.5941822000386098,320,1
6efe5f51c8852e4286aa4d90c99719b3,3,1,19.8,19530,279.63,0,198,0.5941765961415006,321,1
fa78cefed4b49742515e889bebb0e3f5,3,1,24.249,3674,49.42,0,331,0.5940707834204778,322,1
6a2a4cca5483bbc60b758a5d576f0b32,4,1,13.32,37016,628.07,0,30,0.5940494956276019,323,1
a5d7b5266b2dd72c87d1fa285289a1dd,3,4,31.5,100348,444.54,1,84,0.5940087718451922,324,1
449c9dddabd8e26d7b5e4ebe5a1e8347,4,1,46.2,29760,323.36,0,5,0.5939786905475903,325,1
33e5a46305e282aef856ef00fee02e2c,3,2,20.0,67923,571.66,1,7,0.5939531243710424,326,1
e3452e8ca17ea8ff80df5db0074c4dd3,3,1,23.01,60109,624.03,0,66,0.5939400865132891,327,1
89c02a6b45ab866d72be6b92282509a2,4,4,34.64,57802,568.58,1,84,0.593900605173801,328,1
29e4c25276b52ede44c333720919cdec,3,3,24.249,174990,903.78,1,26,0.5938592142436325,329,1
5abcde32942f75f4bdb7fe95daf79f0e,3,1,24.249,21731,288.17,0,88,0.5937312782084703,330,1
a944e435af6500eff7c2d1bd350dbbd3,3,1,19.8,45713,422.34,0,269,0.5936871672504538,331,1
784cbea68762585a688a1d6354366d60,3,1,20.785,14626,158.68,0,88,0.5936452972485061,332,1
a33e71f826fc16a412dfe91159ec0a17,3,1,31.177,47075,512.06,0,113,0.5936255348505695,333,1
27f542d0ea11d48fb58a11f566a88248,3,3,15.935,24368,197.79,1,136,0.5936119664181614,334,1
87de9e0ce21d16c79d1339b18b4ea2f5,4,1,26.4,3675,53.21,0,292,0.5935577442691922,335,1
a2518aaab13d1af92feeb056c421d5e2,3,1,22.0,53738,509.04,0,255,0.5933749294311976,336,1
8ec346afd491ef4d2fd5280a4746ab73,3,2,31.5,53305,593.0,1,128,0.5933724541655843,337,1
098c18dca48feb1dd802687c375900d0,3,1,19.7,172869,198.13,0,58,0.5932984964071979,338,1
afec127f41c336babffc5a53c4894158,4,1,24.24,61879,532.71,0,9,0.593220597939799,339,1
ed5fe9e1e61f51cd4448a7123818a7c6,4,3,17.320999999999998,26074,290.2,1,132,0.5932020890650372,340,1
65d49118fc56c64013c6ff483e54745d,3,1,10.5,25145,21.12,0,50,0.5931639063736562,341,1
79b37c827b62ff1d769dc5c1449494fd,4,1,17.320999999999998,17039,202.99,0,118,0.5930618635102095,342,1
275f3b85fc7b88e5046db35d4ad6fc0a,3,1,19.8,44278,187.26,0,196,0.5930567461251225,343,1
dce9a62a75068129f4e0fae7cf9b07a6,4,1,17.25,849,11.78,0,97,0.5930405848593158,344,1
59470abf25e95d8334151956a6ed9bd2,4,2,31.5,52134,538.3,1,11,0.5930060936159514,345,1
f80ec449a4edf469b8b5bed554253db4,4,1,20.7,17500,215.7,0,117,0.5929915811948638,346,1
42e662be539583c4e703316d55ae5595,3,1,10.52,69998,1771.57,0,360,0.5929871869893176,347,1
a44cce5821515c9c971ef30b77a6b5a4,4,1,20.0,29042,346.93,0,351,0.5928913989884106,348,1
442f41736a44a6cda96be22cee147f75,3,2,25.0,72884,696.43,1,363,0.5928143888662766,349,1
a0aaad2067db9478b17e0df07d190ed5,3,3,20.78,27732,307.64,1,321,0.5927381121189005,350,1
024d272466d3340815a995c3465b8a8e,3,1,20.7,148082,405.46,0,275,0.5926540224872857,351,1
eccf0fdcb706ee786e6d1297d4d421c4,4,2,18.0,24432,273.59,1,4,0.5926395970739575,352,1
913bb512f7ca698b02149c9189c7c606,3,1,22.0,23654,322.93,0,109,0.5925926087317748,353,1
1357519ac2f364fb08239ce0fd13662e,4,1,22.0,25293,296.92,0,138,0.5925464659208678,354,1
9a8bf75015f6da97f3f79d22d3f92864,4,1,16.5,5991,75.61,0,294,0.5925391609782091,355,1
71e092ee15aad444a42c4528fb365734,4,1,34.6,65804,585.32,0,7,0.5925195435980731,356,1
4c021aa06dcffa9135b6a8b575d01781,3,3,32.85,47718,505.7,1,364,0.5923618068296592,357,1
313facbb2024ac763b52d9e84de11e78,4,1,27.6,9457,69.6,0,249,0.5922258957196462,358,1
98465f679c389c9449c5c83933d15a4f,4,1,34.5,51056,199.7,0,11,0.5921719320851253,359,1
233d14de9aba08df6d1514e752a4979b,3,1,30.0,19358,236.43,0,29,0.5921506607747531,360,1
a9549526c6b9351e13dd00a6b2dadd94,4,2,29.7,62674,676.39,1,81,0.59213541186032,361,1
6108443567e7dd962d334f43a3585b05,4,1,76.2,32655,363.78,0,58,0.5921033910386073,362,1
c03749f24a28eaac18bc0de7b61f2f18,3,1,43.45,90714,612.24,0,138,0.5920915631026548,363,1
a1fa515e8054100cf1076383a686875e,3,1,43.0,385548,566.59,0,9,0.5920841632229369,364,1
5896c37ea1eb0868bd3b6920d0ba32af,3,1,20.0,43993,375.87,0,48,0.591991688745352,365,1
cd25cd501b31d3858c4c8edf1805847c,3,1,17.320999999999998,10992,130.52,0,321,0.5918890547412837,366,1
4d02cf5d7088f283849d8e4c9829bed4,3,1,19.8,7300,93.35,0,53,0.5918775265065386,367,1
a318341254b21ee0d71130028a05fe13,4,1,20.785,23941,271.25,0,129,0.5918474487152322,368,1
219633b0aa1bf6912b1c3151861ca11c,4,2,16.5,9128,97.27,1,102,0.5917309554823889,369,1
0bad8ef36c2d45bb44ce69ea688b8953,4,1,20.0,5792,60.63,0,95,0.591701020575614,370,1
776c9ee16c1d6f2bea97ccc14ed46c5a,3,1,13.856,1420,207.87,0,291,0.5916586101709213,371,1
e098492661c558486e30d7cbf8cac767,4,1,45.0,71644,407.96,0,159,0.591500960128018,372,1
0a087662102804977251d08ffe1e19d5,4,1,17.320999999999998,20617,284.96,0,328,0.5914599518755677,373,1
aa8e27804d725806212ff74c55462418,3,2,15.001,31638,146.86,1,348,0.5914270231625507,374,1
e74b4771df36b690a92610c4f66fc9bb,3,2,25.0,30830,412.55,1,285,0.5913643934819027,375,1
cbd4c5479801be3aaa392b91f4751b64,3,1,50.0,12581,101.18,0,220,0.5913231543548696,376,1
c128ebee392fba276fbd22b60fef9f6d,3,1,43.25,65287,508.74,0,253,0.5912416159051396,377,1
9fa34e42bb818d54674a2b3fa1690cab,4,4,40.0,28056,256.03,1,132,0.5911944361508102,378,1
70a5b41d6ce125833142bfe3f15f66ce,4,1,16.5,132949,179.05,0,365,0.5911702335901122,379,1
26c3bc45289a5882697b2d54da39c069,3,1,20.785,20472,102.71,0,25,0.5911639100168482,380,1
be9d41423540733b482d564683d2226a,4,1,13.856,174,16.49,0,69,0.5910469861957883,381,1
9b36a3747da7615ac4bc899c7b6ea71c,4,4,19.3,0,21.31,1,5,0.5910413981485023,382,1
eb070bd07fb1ddd4d3f8bccf6fc07fc5,4,1,31.177,16517,170.17,0,297,0.5910080572151266,383,1
46a1f5c69bcb24b78cb7275db0890cff,3,1,15.001,63692,710.67,0,282,0.5909344558704742,384,1
fd1e359c5613bb74ea1e18836f2ab9a2,4,1,17.320999999999998,60781,401.93,0,81,0.5908870623653472,385,1
0fb71591cb661e48017565053016eb54,3,1,17.320999999999998,41937,517.79,0,72,0.5908799399731325,386,1
734f3158ed6831b65dd2ef7035dc918f,3,1,13.856,67065,862.71,0,136,0.5908465218746596,387,1
d1d473244f6c46bf019b0c143278e35e,4,1,19.03,5181,63.9,0,86,0.5908399749591631,388,1
dee2b5fe92cf955dd3b9380600d53426,3,1,20.0,72688,165.78,0,132,0.5908144070249,389,1
d91f06c1290f68c585f6953aeaf1801c,3,1,31.0,25524,346.49,0,121,0.5907518079121507,390,1
1176d3ee2f41d3b9050ae0f9f339e169,3,1,20.7,11033,149.14,0,52,0.5906577058352551,391,1
d5332be2d521dd5e5f0b1277661e2c4b,3,2,27.713,71575,683.99,1,283,0.5906521550252625,392,1
07a65447671b6a1df47a078bf53b0005,4,3,16.5,7967,96.2,1,342,0.5906249620915761,393,1
c781055508feb0728c63f20eedd2d352,3,1,56.0,32072,286.48,0,361,0.5905874360581943,394,1
780e553d18f912c549d71f60f6e8e95c,3,1,19.0,16551,138.43,0,165,0.5905770383456108,395,1
4464846f014b84194cda03b58dc7fc0f,4,1,16.5,5534,63.8,0,27,0.5905429099929338,396,1
6380d855472ef89a6c9f153dba880b65,3,1,26.5,7795,100.15,0,219,0.5904448733084974,397,1
81d47fd97b2de6ee431993377a8b0407,3,1,36.0,299238,458.16,0,47,0.5903972655488575,398,1
f34f52f57fc716fac8cb63ae756da3b2,4,1,16.0,6010,76.15,0,187,0.5903678462821791,399,1
286bb4484daf8871643c6c51de3d3051,4,1,20.0,7832,88.98,0,75,0.5903432640770806,400,1
f2a91aec2db8579dbf64706dcbea40b9,3,2,31.5,23327,290.77,1,355,0.5903361692523126,401,1
da32985efc8a3a6217ec13e012fd3d19,4,2,29.7,10974,140.8,1,316,0.5903161213042968,402,1
a7254ff8f2ff96cf2b209c63dc4c7809,4,1,13.85,18571,309.06,0,30,0.5903019108237286,403,1
d6922a1c989e9713ea900632815cbc07,3,1,30.0,13840,174.24,0,214,0.5902683200694779,404,1
d91d4b0ffabf81353329a54e0d80a449,4,1,17.32,13178,71.11,0,142,0.5902340143164234,405,1
3952cc0232b5966ea13302131e16e190,3,1,41.5,8209,108.91,0,23,0.5901167194133448,406,1
f88f8fda812fca9b140c53231e644a7e,4,3,31.5,91895,630.41,1,256,0.5901091142905874,407,1
3dbf835fce24e3ed6b29e54949a9b536,4,1,19.8,7120,76.59,0,342,0.5900933894479967,408,1
fb6b1c31f00a4ca850483e298481bdbb,4,1,23.0,30448,200.6,0,60,0.5899778018988817,409,1
c4e9e5b61aee88c5946bfda58b3c6277,3,1,34.0,16142,197.24,0,29,0.5899623891585677,410,1
b88c03d4573581d32ddf9a5b34c26682,3,1,19.8,39827,421.74,0,85,0.5899609905581875,411,1
ce0e7c4425706434c3db7f9122cd4bff,3,1,19.3,41544,538.5,0,248,0.5898167516104492,412,1
6930f7b6ddddaf7a68fd245905ce1ab1,3,1,17.320999999999998,30102,345.97,0,347,0.5897900343353398,413,1
808998b4d6c9bece2cb31f61192d6565,3,1,15.001,90714,31.5,0,128,0.5897333258497217,414,1
470cead68f989e30c9e555c6a52c2f6b,4,1,15.4,13605,152.44,0,130,0.5896999018684408,415,1
a3fb7f1a2d0d824970114fcb88a2fd1b,3,1,33.0,23299,251.15,0,89,0.5895430316688203,416,1
b87e6034ec7ef906628bc22a54dc3270,4,3,19.8,3780,45.66,1,305,0.589508421365203,417,1
c60418f2d939a468fb18a13902901e35,2,2,20.785,16736,145.91,1,76,0.5894504178490725,418,1
8b7d9edf4babaaecb53bb35b64a53a6e,4,1,23.1,112108,419.99,0,237,0.5893520929937672,419,1
41b56c9f8a7323508e380e5684c95e59,3,1,20.0,20834,88.4,0,274,0.5892781284238561,420,1
04a53732e16b9893814491268e0b4167,4,1,29.0,4027,54.8,0,278,0.5892380947854455,421,1
2d6a0960e8be3055175fa6c70f9de9df,4,1,35.0,92836,974.74,0,152,0.5891544984794078,422,1
9e02148acd2eb40e744be83fa71aad75,4,1,19.72,11120,136.46,0,35,0.5891328085705366,423,1
6b5ea9c4f2072115ded300a0c374382f,4,1,15.1,17040,141.79,0,328,0.589115336707475,424,1
f0efec510500f5bc3e1ac6e6d6ea291f,3,2,39.837,13919,192.23,1,299,0.5891038725038675,425,1
a2df40cab9571542d8287e5c1394574d,4,1,22.0,38888,140.99,0,344,0.5890982262740664,426,1
a0a589fa5910e40f792716e5312d115e,4,1,15.935,17131,243.91,0,322,0.5890310137605144,427,1
1b18a23a8eccfbcb1118d63006be1feb,4,1,20.78,11532,81.53,0,150,0.588992978208643,428,1
8e5d16b9863ad240b527a30479ee3588,4,1,30.0,76813,832.17,0,56,0.5889484025554584,429,1
dbd438cbcb2311a204099a211ecd45f0,4,3,20.0,26367,265.79,1,148,0.588826398153982,430,1
2bee866776aa581f5a54d82bd76d55e2,4,2,18.0,22159,171.0,1,329,0.5888054656255112,431,1
7040ad447016ea4ea47dd05f36863383,3,3,31.5,20567,142.76,1,188,0.5887216432874169,432,1
41ec902a4b928ed4ffddaae3f7dac5bd,4,2,16.5,7001,105.47,1,312,0.5887110148365368,433,1
8e490d3b4a4ecea1201f56849143531a,4,3,30.0,13976,181.7,1,320,0.5885962524736312,434,1
daa2dc30b120d4f34959509a57e2fdd9,4,4,17.320999999999998,15043,121.85,1,122,0.5885373450434255,435,1
7cf94bc7b74b45dc22f3cbbb762d3991,3,3,14.49,1248,67.96,1,64,0.58853352670813,436,1
ce38d128b480a9318418ac8797229e20,4,1,30.0,239692,463.03,0,288,0.5885215229831094,437,1
816ddf9b21a645be0945993d56cfa8ae,4,1,20.785,35870,388.55,0,361,0.588375587959974,438,1
dc944308e2946fffa727af5802c9855a,4,1,28.575,4608,59.66,0,203,0.5883517167365949,439,1
4b167f96b89683199b208c652d186115,4,1,16.435,9387,23.97,0,232,0.588330678790938,440,1
8f56b789d3f1111fe9a802435708f6b7,3,1,19.8,145362,249.61,0,264,0.5882940022495715,441,1
9ac14ed2b314a8efc379e8dffe23de95,4,1,19.8,94118,985.54,0,39,0.5882874270034643,442,1
6cf38b4bcfdf6f5b39e2b25d031d4213,3,1,13.2,1786,111.03,0,37,0.5882702220749629,443,1
9039ad939cb6073b21eac6362aab4fba,4,1,19.8,44464,578.08,0,264,0.5882620510110808,444,1
17861945a3c0fcf01ba4bc7af618d79e,4,1,17.320999999999998,12524,102.18,0,71,0.5882550713392455,445,1
00459ffab7bbdf775a4f8c4c54cd0647,4,1,34.5,49590,485.25,0,184,0.5881445432228073,446,1
c81ee2dc4086e39cfdceb07b143a6c4d,3,3,20.785,14345,189.57,1,251,0.5880216290436308,447,1
53de34c37e069f527b90c22f58e8feda,4,1,23.1,36920,477.9,0,203,0.5880195079594482,448,1
84e853119c8147abff287d0327944b73,3,1,17.320999999999998,22092,293.02,0,196,0.5879153976447681,449,1
90d33e096ae39c52ee42dc49a825a356,4,1,20.7,17558,221.97,0,111,0.5878422995708464,450,1
2fc279438878b6eb0ea8640b13a2a778,3,1,5.75,10636,145.29,0,11,0.5878111774541129,451,1
0530ca0e7ab1864fff125ea9f8e2e2e1,4,1,29.58,40194,457.54,0,10,0.5878027360464703,452,1
ca3b1f3d0959fd8fc6bb8d690ce2409e,3,1,49.3,27443,341.67,0,343,0.5877474186838706,453,1
12ebea6468d6bdcfd95bb3ce6e715392,3,1,16.5,21100,112.92,0,8,0.5876897162141734,454,1
ec426354ee952b9a2741a075d3ca6e9b,4,1,23.0,36303,444.0,0,180,0.5876637197426764,455,1
81c86670b9492b99cce86575e34b278d,4,1,20.0,6038,72.19,0,130,0.5876203797953854,456,1
543a24f3627b20a2a17041e520048993,3,1,19.72,43987,522.36,0,336,0.5876024627582398,457,1
c7696dd5c429ce4ae6fbeb03f633217b,3,1,17.320999999999998,3049,39.05,0,206,0.5876014243003295,458,1
aa34978fe50a223a6cf14990ab1e0527,4,1,35.0,27948,357.22,0,211,0.5874618255943109,459,1
cfc60aebcfbc6b45ff9f07d02a627d26,3,1,15.01,10957,217.45,0,300,0.5874527370474302,460,1
99c3165a9756f272693b3a7ed02552f6,4,1,17.3,24931,309.26,0,351,0.5874517048278947,461,1
3b93d2c0e293720584f2700e125acda6,3,2,16.0,22545,299.02,1,353,0.5874385665589079,462,1
6b0e8afa22ef8d86ac5239046a4d7075,3,1,25.0,5881,84.52,0,295,0.5874175067904693,463,1
25f1025a15eaaf72c7b6e7691a7d2b00,4,2,40.0,84898,639.71,0,47,0.5872870048586952,464,1
07eeda818f009babed0c60f98750096f,3,1,42.0,65963,698.93,0,103,0.5871885716574535,465,1
5cd74497c258f73b60efa2a7e0fd4b80,3,1,15.78,5259,68.2,0,288,0.5871792574318826,466,1
d81e53b3b0f63af7ac2db5b911d4a959,4,2,20.785,10556,147.3,1,136,0.5871442550861731,467,1
60ab96ef456737a4aff7d5f2f0f5eb24,4,1,32.87,41571,517.92,0,351,0.5871391199533705,468,1
6ad6d684cd28175852829910cfe38fe7,4,1,19.8,9849,64.22,0,340,0.5871215403711371,469,1
7e20c62ad09f035c4dd13abf09b12eb2,4,1,31.177,74649,787.92,0,129,0.5870579794054923,470,1
5ed780807931302a567d143328d317d5,3,1,27.713,11409,142.48,0,28,0.5870153224583794,471,1
86739d35151098e7f81903a7fb8098ff,3,1,47.0,31570,432.2,0,270,0.5869722226380508,472,1
695d3b73a30140daf7d7924e801249cc,4,2,31.5,64389,527.45,1,281,0.5869401178867445,473,1
3545cb0ab817b56fafbdee2b8506c3b9,3,1,19.48,44651,581.33,0,299,0.5868855625248457,474,1
fba9adc5516978b9749235cfde238ca4,3,1,26.3,14307,171.12,0,287,0.5867545200079205,475,1
be5ced0dd64b14fb2a15a636458dc6d0,3,1,31.05,239,1.72,0,29,0.5867391289151044,476,1
8240e4039363a9cdbe813785b0b002b9,3,1,31.05,14075,166.24,0,4,0.5866779119208281,477,1
d6aaab4325a4221f57ff26e12ce4436e,3,2,17.0,20068,277.36,1,86,0.5866415278846987,478,1
ec19d74d45403a6a43ce717387969bfb,3,1,34.5,74733,380.37,0,289,0.5866240161140045,479,1
0211e90883c68417f94760f25a589949,3,1,20.7,128,0.84,0,14,0.5865210510734182,480,1
31219beb1fcb29321dfd3450ee45016f,4,1,15.01,24847,309.11,0,146,0.5863989472093829,481,1
73cda88f43c99db3eda0dda892f9205b,4,1,17.25,17546,135.1,0,121,0.586329781183901,482,1
ed3434c3c1e2056d1a313e2671815e4d,3,1,17.25,21933,271.71,0,261,0.5863191815975898,483,1
02bc81ecebcc8328dba4bf07bd6b6d55,4,1,50.0,46386,562.0,0,64,0.5863117287101997,484,1
763962bf817e04d47c71f8f43ffd5fab,3,1,15.0,358,54.33,0,57,0.5861942426823904,485,1
010efa9b36d814dc78f1494cf9047377,4,1,31.17,18298,272.49,0,196,0.5861635623015162,486,1
d7f6761f61bd09e6d2f119bbf953a4fb,3,1,10.392,10645,78.76,0,58,0.5861004246667929,487,1
8ea7c67a2fa0dca2571b24d4de3a894c,4,1,20.785,6077,65.5,0,8,0.58608212079118,488,1
e3ae795162b08edd5404606a4f568622,4,1,20.0,1925,26.18,0,96,0.5860673888005626,489,1
9d7ea250388b181487a6c6ba11000c82,3,1,20.0,25511,336.0,0,86,0.5860237016806181,490,1
6e6fd2b51a1e18a355f51e242c6b078e,3,1,10.35,1218,190.98,0,333,0.5859837917139931,491,1
efc47040e018c5bc5de3ac1125a8994c,4,1,16.4,18357,236.89,0,157,0.585850832961285,492,1
3d05047c5af03c61a896781e1616414b,3,1,34.641,40414,467.08,0,282,0.5858452629820208,493,1
a53e4058171e3a587ea4612e686c2c48,3,1,19.72,43896,520.92,0,262,0.5857705311565488,494,1
ce8935b256a242c81c9bb44510847845,3,1,17.3,763,9.83,0,71,0.5857358922629896,495,1
1115a8e5e95b744060344b3ddd76f287,3,2,43.648,46283,347.47,0,349,0.5857112051650805,496,1
6d6a1d263421bfc9dff25b3e04f7d0a8,3,1,55.0,95658,988.71,0,92,0.5856846371024131,497,1
c2868f2131a44b3532898118d798fa92,4,1,20.785,4733,52.69,0,363,0.5856430030345379,498,1
f9a088a379c90a659552cd7b87578793,3,1,19.8,15254,289.71,0,306,0.5856402265181958,499,1
81615c1cac6dbc874118dcdc8c69d1a8,3,1,18.0,8070,30.85,0,209,0.585608881666113,500,1
3a209a9cdfd0d748c479cdf0700bd022,3,1,16.5,24522,332.25,0,355,0.5855788962936773,501,1
29ce64b1c11f5f2205a932c21570dd68,4,1,63.0,66750,590.88,0,67,0.5855593766041434,502,1
1a52509a906f7d78a7bdfb097aeb8244,3,1,19.8,22588,289.16,0,255,0.5855582907641605,503,1
e43fe37af004281cf9348870ff13ef58,4,2,27.71,5947,72.28,0,9,0.5855279777184043,504,1
f2c6ef2fa0b1a52d02872832279081c0,3,1,13.2,11354,156.32,0,339,0.5855276753804933,505,1
072babae4d54c612f5042419cd56ec27,3,1,15.001,12059,154.4,0,2,0.5854879974467584,506,1
7fcf3400fa95e623111bcf050a68be2a,4,1,19.2,19897,73.29,0,188,0.5854662636784307,507,1
7479f6987f16fccc70321e56a76c84c8,4,1,26.3,5815,65.61,0,22,0.585305188330668,508,1
895c327554c85db7162af80255a0af25,3,1,17.320999999999998,12963,183.44,0,291,0.5852158546008841,509,1
e80672950f989e6d0a29a6a1e83c9fd2,4,1,31.5,51698,486.46,0,23,0.5851887597000223,510,1
5879658d7ce1742f3c5ace9371de89d6,3,1,30.0,21332,294.16,0,300,0.5851596898225622,511,1
47f4a5810a1333f463ad7b5ecd43be5e,4,1,17.5,13754,131.3,0,108,0.5851433522510725,512,1
c37439b045e05e9fe075e6309100fd85,4,1,19.8,46770,564.49,0,82,0.5851062318876383,513,1
0ee5d4aae0d765120dbec243987931ce,3,2,22.1,5433,67.53,1,33,0.5850851563237273,514,1
5111f165779177a6fc30ea1fc34fff67,4,1,50.0,68275,719.65,0,73,0.5850487719268352,515,1
c6422c88577139a98bfa496d2e6baacb,3,1,24.2,40317,219.35,0,99,0.5850470077786148,516,1
a181c361de8869b99c4573702c1c99ef,4,1,15.5,10481,131.53,0,282,0.5848761515479969,517,1
01269a9df48c0b0b2215333ca34f89b9,4,1,19.72,14178,181.08,0,189,0.5848088648943812,518,1
a291ae51a5488ffcf66ceb29e2c68520,3,1,16.5,34305,386.67,0,304,0.5848038138358524,519,1
0df94237b4be28907ad354f19163d41a,4,1,31.5,16646,227.46,0,304,0.5847784906828447,520,1
e44207b5ba27474eacbb311f72ef8b9b,4,1,16.5,32062,419.61,0,301,0.5847398169555833,521,1
16184df0c9844174f30ac81d0a4aca23,3,2,20.0,67749,679.1,1,219,0.5846447608754292,522,1
5b69a8a007980a6176b605bc26c6c7f7,4,1,5.0,2957,33.2,0,3,0.5846075071641752,523,1
ee8d74c86414a648d83813b393a02b34,3,1,19.0,13666,170.49,0,121,0.5845251943751896,524,1
e74629d4f97c5cf83eb31252fdc7f5ae,3,2,43.648,17503,211.35,1,192,0.5844901129515134,525,1
1b719ab6403ac4844e2133de2d408bd6,4,1,19.8,293633,210.29,0,184,0.584372301183112,526,1
d649a161ebe32ae94a00387d8e93af38,3,1,29.7,32965,410.17,0,199,0.5843644129878196,527,1
c9928556cdf940881cd79de510f05eb7,4,1,17.320999999999998,29524,342.34,0,297,0.5842689070051067,528,1
6c172eeb87f1296c61a25f06a03ccba7,4,1,23.0,32540,384.38,0,246,0.584261641701135,529,1
eba12b17692c670b6fc3b87098a1b940,3,2,30.0,33602,288.84,1,85,0.5842595734301681,530,1
1221993f581c1b335d231e247028d40d,3,1,33.0,15441,193.05,0,345,0.5842530531138396,531,1
0e90101b08183cc9548e827e4b256f47,3,2,43.45,14203,196.41,0,135,0.5842396101686361,532,1
f7524bac2066474c4402970cddd820e2,3,1,30.0,98127,797.01,0,80,0.5841911773235672,533,1
343cfb34bf2ef6b67f37834a2b5ae771,3,1,34.5,143618,164.14,0,17,0.5841784793485422,534,1
a41d9e76730729bd2035cbcf6d03a181,4,1,31.5,29112,348.69,0,317,0.5841712308257976,535,1
fe606cede15726f2a3f756ed57ecb256,4,1,31.5,59212,642.66,0,47,0.5840659000173932,536,1
33f6705eb27f6078c07244d6792aa10a,4,2,100.0,145144,802.29,1,365,0.5839891102250374,537,1
a63219d8733292921e0c6607d58184d8,4,1,34.0,503662,700.18,0,253,0.5838350684407578,538,1
7634b3e1f2f80e4ca8143a07c8794dd3,3,1,33.0,55651,478.45,0,37,0.5838326749815755,539,1
40f986d763d8dd2f1fa245d0c5b6566a,3,1,41.42,25412,333.31,0,326,0.5837996114448913,540,1
542d3a948b2a1648ac185d2b05c300c6,3,1,63.0,22965,294.26,0,285,0.5837819065469316,541,1
5989f24d5f803275f56ff5a7492c77ae,4,1,19.8,13092,144.03,0,358,0.5837808756606329,542,1
f6a3115b0c1dd2005b965a734c4fd397,4,1,27.0,18780,240.88,0,51,0.5837262862377222,543,1
0bfc630f9172c788df4eb060a97abad4,4,3,20.0,28333,1310.57,1,29,0.5834735099190453,544,1
41da80cb426c5adf45d0648d9cc8c037,3,2,31.05,68337,582.04,1,62,0.5834502311532526,545,1
f1c6b55d5376ffa516b01f9be9c7f8b5,3,2,35.0,42010,312.74,1,346,0.5834168803426643,546,1
9304c40d65d2695d4f055a3d589b4c4b,4,2,15.46,34988,126.36,1,342,0.5834162996508987,547,1
39124ec36976745ad8437d572f44492d,3,2,29.7,84012,939.88,1,257,0.583410098754692,548,1
452f1d0e12ead602a0cf1c00e5529065,4,1,10.392,3490,269.33,0,35,0.5833729691685442,549,1
420b09e9d84442afc992831afe66d67c,4,1,23.1,44491,484.5,0,58,0.583368152018698,550,1
226c11156ed718edb6077d32dc2db3f9,3,1,32.9,21943,310.43,0,342,0.5833530512439211,551,1
e9cbae855e637456784df72492f2d308,4,1,24.249,23249,289.85,0,170,0.5832235137425485,552,1
55f7e523cf5d07365428e917ce4f79a7,3,2,28.0,77251,874.09,0,52,0.5831805850588784,553,1
13a62d226099af0a78066e7a44348609,4,1,17.320999999999998,33535,306.75,0,109,0.5831060730531019,554,1
5f51550b790a161f92d9f211efd07faf,3,1,27.71,26398,274.95,0,66,0.5830577718262424,555,1
8b68fbc9416d8f1b1c0f6913a887d845,4,1,34.641,17175,209.73,0,190,0.5829649597143925,556,1
92d46cb0866dad00cf845c2095b80327,3,2,33.0,74710,720.37,1,155,0.5828678181613912,557,1
39eeb01f3d7b0da8aef1f6fe0be0e311,4,3,23.1,28374,347.83,1,122,0.5828113339904102,558,1
9d5d72bdbd50f06ce4c175926dd27278,4,1,19.0,2493,30.95,0,133,0.5827960921442723,559,1
1980ded2857ad17e9ea46c3f145742dd,4,1,23.1,161803,549.82,0,241,0.5827932511278265,560,1
d0ee0e3ed8a271b4134d19ef55d2147b,3,3,60.0,58559,553.6,1,8,0.5826399942037293,561,1
bf2acfbb198d876bd2a08b2d5a6d5d6d,4,1,17.32,2495,30.02,0,30,0.5826110626244266,562,1
bbdcfe1427a73f8b59fecd9f086aedee,4,1,10.392,17282,175.81,0,365,0.5825706156212015,563,1
e1cd8956938c826edca3da97bb1ccf0b,3,1,16.5,87613,339.73,0,60,0.5825686874557764,564,1
c6792034935546eaaa39b3c412aeea42,3,1,27.713,14281,196.22,0,270,0.5825460473647811,565,1
deaf8445a0a58dce0bc0a4a4957393e4,3,1,19.8,18702,241.07,0,275,0.5824950251590278,566,1
680a6c392c9dddf3574bda5f0e2a6f87,4,1,40.0,23180,269.83,0,252,0.5824752725848762,567,1
84406accad12b514615443166f8df5b6,3,1,33.0,9270,117.17,0,45,0.5824696384056608,568,1
ffc26a341221108423c3de785a7f5251,4,2,25.097,94082,761.27,1,219,0.5824092383497637,569,1
ed237e6c08ff811ebe4679acba0aaa84,3,1,17.3,17287,178.58,0,205,0.5824011626389377,570,1
ad7076ff7b774b4888b036689aac960a,3,1,40.0,5578,73.81,0,298,0.5823932457893852,571,1
e3ff73f9a0c69cbf983f953babda98dd,3,1,10.392,2705,262.47,0,283,0.5823214252611713,572,1
070be520f9b44958d68176b42d95fb63,3,1,50.0,84468,664.1,0,212,0.582303129783969,573,1
23ade2c7eb7787fa26982de117a8076e,3,3,27.713,34296,237.04,1,145,0.5822763427583532,574,1
a724459b7d597d5e3ec61aef10546bfa,3,1,19.0,42059,511.1,0,126,0.5822746061799909,575,1
9184fd8b8105948a4774719f51c3b668,4,1,43.45,40602,486.4,0,110,0.5822689532735483,576,1
9c36ebbcde4ce2667e707099426ccf82,2,1,16.5,34108,374.22,0,186,0.5822595488681795,577,1
0dcbae0176aac7b7f7cb70e145e55649,4,1,43.648,78349,685.41,0,130,0.5822368992485736,578,1
06eaaa37b72f4ed9fae2f61504b24ba9,3,1,43.0,75618,241.67,0,28,0.5821922701946977,579,1
01f2b80e48993a6ebb6d088c5d74cb56,3,1,27.7,16486,209.79,0,221,0.582042433205026,580,1
70c122e7976e45815ab7a0261de77ae3,4,1,19.8,5282,62.09,0,104,0.5819820843745095,581,1
27495f45930c3400ae0d62cdd94f6906,4,1,20.785,3141,157.4,0,86,0.5819745142156109,582,1
404356465c807329e6eb337c9ca82d93,4,1,31.177,11313,163.29,0,73,0.5819482612030257,583,1
fef8c21f14dc3c585a62d9cb158f54bd,3,2,50.0,51355,566.74,1,264,0.581918290666678,584,1
d37f42a66591060e2cdf4c33d5001d28,4,1,36.3,57072,642.06,0,224,0.5817625228380858,585,1
706a4c282667a3d501276c39a0e4299f,5,1,19.7,16197,198.11,0,346,0.5816846062898607,586,1
9d7f89ef105ec560bfc2ffcc3e2232db,3,1,92.0,14530,167.9,0,308,0.5816164304740894,587,1
99158224050f70b152be49f14f86686b,4,1,20.0,18262,159.02,0,81,0.5815978725305481,588,1
2018476490586c4b8dc1cb8b0b6fa274,3,1,41.42,71972,686.79,0,306,0.5815952417307791,589,1
94c2ce561ee6357d407e70b17c43176c,3,1,20.785,41729,490.21,0,104,0.5815050791311636,590,1
4d029635931c28ea98a7bd32312d2e4d,4,2,20.0,26271,344.99,1,308,0.5814915543431886,591,1
c4fe7d51112c70b6168ca161dfa0f6f6,4,1,20.78,17451,197.83,0,132,0.5814878796444652,592,1
d8e7f0c46a971efd95f3ca4297a7c893,4,1,21.0,0,0.0,0,116,0.5814627465989888,593,1
34ee1cc9d0b0e8af9d601ddd090d5549,4,2,30.0,46967,590.98,1,305,0.5814143290815643,594,1
db0c7a7a11e6787023c19af24845caac,4,1,16.5,40565,436.97,0,237,0.5813596554569723,595,1
39d6a091689f64051d8a964f6eec21c2,4,1,24.0,91157,468.43,0,301,0.5813217238085326,596,1
0b027fe1a112f86c445ed881cae3b30c,3,2,20.0,38664,547.52,1,54,0.5812555650682282,597,1
ad7d4b946ac14896ddd4656c8cd67372,3,3,30.0,81929,452.66,1,192,0.5812145241440656,598,1
3533873378d3ee93aa3210f829347040,3,1,15.2,87509,598.79,0,363,0.5811648582342427,599,1
e56a21a92580ea6983690335c0937d72,4,1,10.392,4820,351.18,0,37,0.581144069608722,600,1
614caced3c2687e9af478a9031274ff3,4,1,31.5,12337,112.94,0,33,0.5810008955307253,601,1
decc0a647016e183ded972595cd2b9fb,4,1,15.4,17915,196.24,0,37,0.5809302562469101,602,1
4e53568128f137168891eed9b78b05d2,3,3,25.0,10992,140.16,1,39,0.5809174194834487,603,1
f2ed4322843d6e4a2f202f19b299dc1c,3,1,17.0,35668,54.27,0,333,0.5808971615704039,604,1
419e75c19138fb3b13317b718fa6823b,3,1,82.0,49197,567.28,0,278,0.5808397885864275,605,1
87bfe371dbf749ecdbb52a9adc67061c,3,2,15.01,27488,317.75,1,15,0.5808353612461293,606,1
cd3f7e482b6696d0c46391a16bbbab95,3,1,13.2,5339,352.83,0,287,0.5807823810783183,607,1
ae8757a74ecc6650a566e1872e1734a1,4,1,28.0,46592,526.96,0,303,0.5806894284101684,608,1
ac27e5130f03a33dfa6a183356a864e3,4,1,45.0,12341,175.65,0,254,0.5806761895301787,609,1
e96889a876b9c5956cfc4be6947ee38f,3,1,34.8,59481,2.32,0,209,0.5806500901458045,610,1
2ac9452973f85c91667c399ecc49c20a,3,1,15.1,6116,80.13,0,206,0.5806223035340295,611,1
8b26a01c8cae32236a34c391ed4df594,4,4,20.0,58187,662.75,1,285,0.5805892845593095,612,1
cc722b8e71bde985f6d607658c0e1595,4,1,33.0,31213,417.19,0,314,0.5804992325169445,613,1
e5323a668874cda7984d7ad0f4e14034,3,2,50.0,78210,632.11,1,191,0.5804978428623715,614,1
01cf6adaab6c04ff57fe28f94bd108a3,4,1,41.5,155986,462.78,0,115,0.5804711066606817,615,1
25cba6f17972519ea0b7da63fe4e754b,3,2,19.8,20490,269.56,1,237,0.5804646344046205,616,1
380033bd9e8e8bd524ddea2b375713b5,3,1,23.1,27391,327.97,0,192,0.5804558424035245,617,1
693481c3844337eed094d7e3ade9eb99,4,2,26.4,21728,264.86,1,179,0.5804183060087896,618,1
c1b1ab77171bd625eccc00e984937d64,4,2,31.5,75698,815.67,1,103,0.5803872369171772,619,1
6c86aa566008eaaadaf0d7b073f48653,3,1,19.22,36439,407.27,0,17,0.5803605599985883,620,1
1228b8275fc9980122af68c3fae4ee3a,4,1,33.0,124250,221.23,0,34,0.5803182673909902,621,1
b85ba4f81e37132ffe5fb09dd8ce4645,4,1,10.392,50346,805.15,0,96,0.5802662441925415,622,1
24e1d40dff74cbcaf299569094301353,3,1,17.0,16001,181.73,0,216,0.5802076053025296,623,1
c409748ecc713e94275dc7fc9c3cff1d,3,2,10.392,5401,283.03,1,356,0.5801873352568531,624,1
538cd9b6675fee81c3d6a418cd53749c,3,2,16.627,23504,198.42,0,245,0.5801736980979743,625,1
fae47bdcf2ab24bb433766f15c4afefe,3,1,33.0,30174,338.93,0,1,0.5801717495836543,626,1
67da380a0ef6fcebb641b360252555c9,3,1,17.320999999999998,7660,93.93,0,94,0.5800994288944267,627,1
940ded6d8cb8d23ba541aa10cae79dd9,4,1,17.0,21077,235.57,0,35,0.5800091355458677,628,1
5b9823915a0eec76371ea0bf5d104eb5,3,3,17.320999999999998,22458,133.7,1,343,0.5799755460940038,629,1
6634a75202ca69c6521e6f0c3bca25a8,3,1,22.17,38884,1763.02,0,331,0.5799613412161823,630,1
a96837b7f85f538be58e76898c9719aa,4,1,17.32,5952,85.79,0,130,0.5799125596224812,631,1
5d4b87abf2f7c7810c570cab8085c81a,4,1,19.8,13542,158.23,0,313,0.5799037636076855,632,1
af51bd0f76441d5c3354cce2f1caea41,4,1,16.5,10163,115.08,0,160,0.5798849351130648,633,1
35769856df59afe188951058873a1966,3,1,11.0,860,171.48,0,345,0.5798807878142092,634,1
7b4d57c7890d389b72fda5e2bdfe7509,3,1,15.0,3981,373.07,0,338,0.5798601172825756,635,1
b6f89043de74c640b256969b9cb56090,3,1,24.24,10576,133.26,0,60,0.5798184426577218,636,1
1ba191fd34befa1852e0a21e919529af,4,1,26.6,33511,392.77,0,361,0.5797672073204158,637,1
f29520a74a0d5a59625553fec5725b11,4,2,15.001,45166,606.0,1,321,0.5797650195031436,638,1
3a62570c5b3e611b1505eb935b7314fc,4,1,23.1,1481,10.34,0,102,0.5797326162354052,639,1
746bd9208d8b0aab36dfd579f537ec2e,3,1,20.785,5483,70.5,0,203,0.5797060502594669,640,1
385b04805e18fb58a137fdb8c9cf2e11,3,1,20.78,5173,65.13,0,201,0.5796687122709053,641,1
676b770e67d1ae51f56db5a8b906bf23,3,2,17.320999999999998,13947,135.05,1,361,0.5796087374951625,642,1
9eeea2a4c54fa0d008da084ea46dd4e6,4,1,17.320999999999998,14615,160.08,0,349,0.579602636201502,643,1
603d42a50f4133c2fdf861954909f7e0,4,1,30.0,35500,458.11,0,167,0.5795452488962917,644,1
bb57b64fdb8c0f197216ac3896ed091d,4,1,25.0,13490,158.91,0,311,0.5795345421042462,645,1
06524bbaba8de2e7f0036050ef52384c,4,2,40.0,19476,278.81,1,293,0.579525097035115,646,1
d1ac0b5fc2b436c47c84c9e8236d81e1,3,1,17.320999999999998,257505,598.01,0,23,0.5794630878737236,647,1
e330cc4ac0a11eebb26411f0d4153343,3,1,16.5,29015,375.66,0,247,0.5794461900868724,648,1
85730a9de2afa781f2ab0694dfda2b91,4,1,10.52,24081,1398.15,0,79,0.5794038473510055,649,1
55c4cfe20d955c50561b577ae993f599,4,1,20.785,20223,206.22,0,136,0.5793747760992528,650,1
5671932fbcd8d3d9c50292feb0e616ed,3,1,25.0,0,0.0,0,74,0.5793684281049929,651,1
0eddfded38bc1a623ca4f31bd50962d5,3,1,20.0,77185,867.77,0,290,0.5792964683896628,652,1
5e44745f41f2feef0ead2326ca6d0333,4,1,65.0,72600,780.47,0,163,0.5792729672378768,653,1
f9b4b659ad264e54f0600865599dff78,3,1,24.15,26844,317.14,0,222,0.5792699442420745,654,1
8d676edab6708d295d07d59b2db7210f,4,1,41.5,119,1.1,0,189,0.5792543612788508,655,1
ca58488b0c73bb50141b366afa97f2ba,3,1,17.320999999999998,24804,79.71,0,23,0.5792505596600059,656,1
1bd3c54c66275be130198de8eea888ec,4,1,15.1,23267,1065.35,0,32,0.5792363986759023,657,1
b129f63e0b482e940afa47538db85285,3,2,17.320999999999998,13746,159.64,1,40,0.5792215865657458,658,1
7dfae2b7bcfe76d9251a203988ac909a,4,1,28.0,20827,258.14,0,158,0.5791810714429818,659,1
995c2e005289ecb4cd48a89ee5c44944,4,2,20.0,46962,221.52,1,66,0.5790953539093525,660,1
06de1ae30ec0f2cfbb736f33a9b9cd73,3,1,17.32,17968,220.29,0,270,0.5790951381048247,661,1
217887d0593bee17593097de08ff4ffa,4,1,17.0,5066,27.97,0,98,0.5790549933280954,662,1
ae0d92b7860752005251615a034f885d,4,3,18.0,32671,435.13,1,323,0.579039171139385,663,1
90262b45a7a62a4ba2efd78d639b48a1,3,1,23.1,17608,229.71,0,194,0.5790100744123337,664,1
c3f69d2222600ee840c7075108303ef4,4,1,17.320999999999998,30269,207.89,0,96,0.5790090960044962,665,1
3c97647be3647b51d84d09d6a1cfbf4d,3,1,17.32,47122,258.25,0,47,0.5789404343315273,666,1
a30caac548ad508f7ecba4979be50c9c,3,1,15.001,10489,128.67,0,15,0.578916187081316,667,1
8693b60cdf1e9183d9605d495da00c87,4,2,15.5,9673,129.24,1,322,0.5789036292406425,668,1
ae9c0a5b36c4a7bcd6fd0cb488babd79,4,1,17.32,34529,428.12,0,40,0.5788795189226401,669,1
71b563e6ce85a67aeb9d7db457282e01,4,1,16.5,27225,257.58,0,29,0.5788739862287653,670,1
375417686af18479e005e72c2ddb3f16,3,1,31.5,39948,448.0,0,135,0.5787085303481911,671,1
96df9c60cd4d284cfd03c6556e1d5476,3,1,41.6,23932,151.32,0,4,0.5786941041991016,672,1
9f3848e2d89ccb7ff3ed4eaf12ce4ef9,3,1,16.5,4517,57.94,0,121,0.5785924745418398,673,1
95b791f6bedc86c80b88f71b669d2326,3,1,60.0,136395,1322.65,0,1,0.5785522554231124,674,1
fb43c0a00d393a519ae4e1d8781f5991,4,1,31.05,62955,577.91,0,339,0.5785490301322372,675,1
b10d209e82a7f76401753099e084b94d,4,1,23.1,0,0.0,0,76,0.5785462193101083,676,1
fa634f99863f66a435cec85d4ddc3734,4,1,15.001,8661,115.77,0,62,0.5785407794471061,677,1
24a327533acd17d828619edb219c1c5c,4,1,19.72,65111,741.9,0,52,0.578526686568441,678,1
f85d03df6feffaa0bd4a62fc3726c7c5,3,1,23.01,33664,427.61,0,238,0.5785235013487967,679,1
dcf0e8260f550af17fb4fbd4b1ef0a9a,4,1,43.0,8434,102.74,0,189,0.5784618083202373,680,1
2d10e84ee24aa19c793c543af7d96ac7,3,2,25.097,34914,453.48,1,230,0.5784382313945532,681,1
c5231785965a9c1cf0bd02b2776373f4,4,2,27.0,66057,747.84,1,222,0.5782956696239924,682,1
cd724ac83897a3979f92aaf10355d4ac,4,3,19.8,1311,4.82,1,247,0.5782362792118003,683,1
294b8015c5f23222d7c1d31e0fa13980,3,1,20.785,6026,20.1,0,17,0.5782347691477981,684,1
21abd95619244a64bc61194d970286bd,3,1,66.0,283027,261.11,0,114,0.5782261341703484,685,1
5459eed6ca65c4a32b01ac0e6690a94b,3,1,35.0,45560,558.72,0,341,0.5782258801327345,686,1
124056c3ab49818baf9a7c0b4bd85aad,4,1,20.7,23992,529.49,0,101,0.578213990588126,687,1
b64b1b66d3fcd75dd0e8ecc2b6c3bcbb,4,1,16.5,9574,123.87,0,108,0.5781767223326135,688,1
8ef8698671941174e1ed24d35b23a222,3,1,17.32,6297,78.92,0,136,0.5781447876226151,689,1
edcb850b23f0faab3e54c7273af0c9d5,3,1,15.7,35264,442.28,0,2,0.5781105635652964,690,1
a73deebb6c51532ad928b457388dfe95,3,1,23.0,29373,337.64,0,228,0.5780175025488833,691,1
aa8549e784e32f31a5eaea2bb952e007,3,1,20.0,115608,406.44,0,188,0.5778844328093514,692,1
d17ae9f276e39f1c7060bb5f82d59085,4,2,25.0,87533,829.91,0,289,0.5778740109418609,693,1
d19cf42cda4bf77e880db09b8a9a6af2,3,1,17.320999999999998,48292,151.01,0,46,0.5777785583906165,694,1
6890080853b8383806544512bd7ccad3,4,1,50.0,119446,744.64,0,53,0.5777688646941767,695,1
6ca8c2b3ddd752cb725ddf146d34dc65,4,1,24.24,38077,25.01,0,316,0.5777144152794229,696,1
cebb841bd3f0e6891f39dbebcdcca33f,4,1,20.0,42873,156.16,0,34,0.5776699317256041,697,1
c7240a17f83eb959d79fb40a3879e2e1,4,1,70.0,49324,580.15,0,94,0.5775817332123754,698,1
d5f18ae5b7ceafa9804ad7a6c7cb1b66,4,1,20.0,36116,452.51,0,302,0.5775111889753456,699,1
4542faa1f14c4886ffe9cf962549d930,4,1,16.44,76677,378.71,0,147,0.5774933142539423,700,1
b34ec3d00a598f885d30b6cc9f65a4a9,4,1,20.0,16769,205.32,0,130,0.5774812582213699,701,1
ad449435d06358d85b4e93ffe2ae658c,4,1,19.8,11005,120.35,0,95,0.5774313556181175,702,1
0837410cd591a8251ae88759b3d441fa,4,1,20.0,17999,219.12,0,327,0.5773952204565619,703,1
33951c9979bb4be6f093ffb38c19277d,3,1,24.25,72805,623.54,0,29,0.5773898341427262,704,1
db66f6af8b6699c16df0158814e16e35,3,1,19.8,38667,477.29,0,55,0.5771885567676058,705,1
029a5905394c6c7db7a90398377e1514,3,2,55.0,63767,578.8,1,360,0.5771309815142911,706,1
59ef1692844b45a6f62a822c297ca100,4,1,17.25,98686,617.24,0,364,0.5771233103879477,707,1
3a44b51a9954f5c1b21a38b26d3994e3,4,1,20.78,49757,649.53,0,323,0.5770082721808044,708,1
19d065827e41b50e0f40511c2196fb53,3,1,27.88,59430,519.83,0,52,0.5769955696431447,709,1
baf6ac88d4c0d1d8cef811e82acc5206,3,1,15.1,41712,248.14,0,190,0.5769840965224838,710,1
993927d19c637223f43ab60ea837e225,3,1,17.320999999999998,6707,87.9,0,319,0.576962099518349,711,1
cf9b106799478218aa817cce5221768e,4,1,21.0,11943,142.78,0,203,0.5769382101161592,712,1
eecc3978c6e30f08aec6d6c7bfa0e8ae,3,1,17.320999999999998,6490,53.27,0,129,0.5767708185299645,713,1
721edfde759fb844fda1fa152babeeca,3,1,18.0,25251,311.71,0,278,0.5767491307156208,714,1
072586dc664aaffee1f8a7711a3b1fb8,3,1,15.001,7406,105.45,0,361,0.5766559645072145,715,1
5ccbf80a4d9a016d88c6ef23a3ca4fd7,4,1,31.5,38535,530.77,0,222,0.5765632995297416,716,1
faa6a5847465aa576ba540ea9e5fda3f,3,1,20.0,39978,483.66,0,66,0.5765525939571491,717,1
7ae7c93e39bb46f2f7c2287a8b729b6e,3,2,150.0,232932,1190.65,1,10,0.5765447411021132,718,1
1def4d17405acbfc075c98e43fe2e3e3,4,2,16.5,7011,72.07,0,358,0.5765381868886845,719,1
eb54e3f27e1b1fc131855b8810726591,4,1,33.0,11973,528.98,0,30,0.5765164381492621,720,1
b5dcb0d4524be613928f40b46b0e0db6,3,2,28.28,58246,516.17,0,58,0.5764647729792649,721,1
d39578a982a16ecd99c0c7619cf1f718,4,1,31.0,2069,43.46,0,109,0.5764181046270169,722,1
bfcd1500b847b354da47e9e892f004d4,4,1,55.5,52572,473.92,0,64,0.5764180513376396,723,1
48fcf94fb9d7395e22e51b5008489c11,4,1,25.0,35829,484.37,0,110,0.5763067338452446,724,1
99f651f6c56111d9755aca258a07e794,3,2,27.6,19019,222.01,1,237,0.5762824105906907,725,1
7ab550de15984b0886035fdc92b69631,3,4,15.935,57632,603.34,1,192,0.5762385138871141,726,1
8a4227d31b79682ad0951775add41067,4,1,63.0,0,0.0,0,287,0.5762306545209993,727,1
eb55bc7b061e67e3615a78c1df6f2f97,4,1,40.0,18315,237.79,0,39,0.5762273644175209,728,1
cba4a15370a14e6ef2e4de29876ee72f,3,1,43.648,38007,395.24,0,312,0.5762270000636072,729,1
2be7b92b6dfa0ceee43145f15e12b831,3,1,10.392,1130,153.55,0,342,0.5761869073303758,730,1
262a234c25bc7a86b89c493c321040c1,4,1,41.5,119,0.17,0,189,0.5761851406338092,731,1
3d97594e298ed90c48ef588765d1536f,3,1,15.7,41091,73.15,0,57,0.576176644360078,732,1
cc7bb3da645cbea795d499e6a7c10c0a,3,1,27.713,24165,299.35,0,5,0.5761661081628935,733,1
786e49e0b64e1e313b7653663affec85,3,1,23.0,61928,562.76,0,202,0.5761633898657114,734,1
fdf38ce571006b06d167fc248a2ae1bd,4,1,40.0,17619,218.45,0,160,0.576091729956135,735,1
37fcc368929e0dbd790f03fe05adff3b,3,1,25.0,49524,488.47,0,219,0.5760363107870815,736,1
8c469996f12c4e4c85d9726584ada993,4,1,34.641,6443,93.99,0,158,0.5760211388335056,737,1
c97431c491754c3a7253126952b11172,4,1,26.4,64600,704.26,0,257,0.5759853487163409,738,1
8a1437e3621aa462de87d390d7615d39,3,1,17.320999999999998,53228,201.68,0,251,0.5759714743275427,739,1
36004ec57e97dd0c77fb3f7a4760a6de,4,1,42.0,36734,121.34,0,158,0.5759010701655128,740,1
c823f8fc77db2c933f6a66d8023bfc1d,3,1,17.25,5387,14.58,0,341,0.5757760520583451,741,1
e98553ae062e7c6b91c8401b72e36599,3,1,17.320999999999998,257505,24.52,0,26,0.5757756586140342,742,1
32b2fe499e3b8d7aca7f732fa0263069,4,1,20.0,1828,19.92,0,173,0.5757716186147643,743,1
b78e8660014b254ac2857012cba48c85,4,1,33.0,28403,223.25,0,145,0.5757378763534672,744,1
11d321e53659d380aee34aac81653a84,4,1,17.25,12388,153.07,0,242,0.5756942006430911,745,1
80fff7fba09e501e80363fd7b5a45e1a,4,1,17.320999999999998,9848,117.07,0,34,0.5756893012859566,746,1
938bc69659472461c1958c35425f0438,4,1,50.0,255377,693.78,0,155,0.57566177736905,747,1
c1da93facc4796dcd0875389e7c0eeb6,3,1,19.8,8486,47.87,0,304,0.575613220079479,748,1
1237fe6f2f68a0af7aeac70de33b6b28,3,1,20.0,32369,339.35,0,95,0.575613168026737,749,1
d961069d2e98dbffe9bc7e52084670fc,4,1,23.67,17560,215.65,0,55,0.57559722978304,750,1
079d424ddc2100542579b9ea3e00bd47,3,1,42.123000000000005,193564,32.83,0,230,0.5755147062001504,751,1
86101c3a0823489edd5e7c4e1505e33b,4,1,27.713,32970,167.7,0,293,0.5754952757306789,752,1
b1c05d16df29189798b2001a99b14074,4,1,33.0,29294,342.92,0,264,0.5754753463827723,753,1
427fef6c193df23f384d96e717ca825b,4,1,63.0,54358,571.54,0,125,0.5754040653457385,754,1
ea4115bd618c1fe1b51e19b669333105,3,1,16.5,12450,97.53,0,36,0.5753926577429284,755,1
1218724120ba1abb37ed510a8f6a9ac1,3,1,12.5,1361,192.74,0,338,0.5753837373697198,756,1
c0c0561e1ab1679ffec6004b6c450917,4,1,23.1,22886,94.62,0,66,0.5753609312569482,757,1
fb16b32d5e8039eb39cc174db048f227,4,1,23.1,29266,351.41,0,128,0.5753576742904003,758,1
855099e6e9136d51a951b59911cf3039,4,1,19.8,20773,204.91,0,88,0.5752974368786227,759,1
900fc2cee06981caf61636342fd6afca,4,1,16.5,3856,49.12,0,265,0.5752619407793796,760,1
afd21b4e10b01f841131bf56259a2e91,3,2,43.648,20442,714.81,1,299,0.5751863081309426,761,1
59ba312969479cb9f90f649d22ba4e52,3,1,13.856,55524,284.97,0,303,0.5751670378027239,762,1
a9546308598498958f9de8426b28ac84,4,1,19.8,59912,505.01,0,87,0.5751222751540198,763,1
dbbdeb4394154b5278e01d2c80f224ad,4,1,15.1,18362,208.47,0,349,0.5751051419880588,764,1
588eb0006e02b24ab38b8042c22b958d,4,2,25.0,65849,693.35,1,75,0.5750662392437105,765,1
e655e6fe8d330530f18c7eeda988d5b3,3,2,20.0,29965,425.04,1,310,0.5750110242888694,766,1
1ffcec31b065ce1568e637fa29fd684b,4,1,50.0,39549,496.91,0,103,0.5748722913483907,767,1
30d44ec0d5dfda7b43683ea88c449bb3,4,1,20.0,273212,670.22,0,88,0.574833660425743,768,1
d0339ed47ed1695901200258909cfe3b,3,2,26.4,39176,374.36,1,223,0.5748233312308977,769,1
fee9523c8331a78c6d3e3328b8a55130,3,2,20.785,21674,291.28,1,319,0.5747883643944482,770,1
c8d6981135bafb15e902c671fc0e05fa,3,2,17.320999999999998,30872,446.67,1,269,0.5746806237860211,771,1
32a71b0355674efff6a49531a62ef5c5,3,1,33.0,140028,2.15,0,220,0.574661141590234,772,1
50bd0ae3e0925ad0a08959e2a6026b6e,4,1,16.4,5254,44.63,0,362,0.5745813149127438,773,1
c5d1df95f4dce97f9cfbd7508a8dc27e,4,1,20.785,4179,26.98,0,11,0.5745253294388992,774,1
7515969fca901016a94987623d5f847f,4,2,24.0,56582,440.26,1,218,0.5745203234945947,775,1
e6c60a8713b6bb76cbd03ed73fed0a08,3,2,33.0,83971,844.42,1,75,0.5744877277718388,776,1
3307050b2946c2f7aba6523d18bd3d19,4,1,16.5,37407,243.87,0,185,0.5744083319392856,777,1
54b2edcc20adc629f5ac22cc34479bf4,4,1,43.648,47192,490.48,0,288,0.5743972778157272,778,1
38df8f68b75e2f7291a5bf6004b5f0f9,3,1,17.320999999999998,36303,465.13,0,44,0.5742924942790457,779,1
a66bdbb5737282df3fd8a30be568e84d,3,2,15.1,112916,297.76,1,135,0.5742353696671868,780,1
b9939b9e0c9eaf9e3c4ba43f8f5ed347,4,1,20.785,36903,165.6,0,52,0.5742049931443924,781,1
0952f02c8576d897fbb029b29eaccaa9,3,1,16.0,10099,114.4,0,136,0.5741505637885116,782,1
44df47d83d94ede2cfa402419807c8cd,4,3,25.0,16930,211.97,1,39,0.5741069076734762,783,1
2303162292fd5f7cb7038636c205ee41,4,1,80.0,130987,1302.36,0,143,0.5740820832736248,784,1
dd35dc76e023bd98da4aebd783ffc7d3,3,1,15.01,26251,301.97,0,251,0.5740602977931529,785,1
403558f917c05808bf262bdc3bbd59c1,4,1,60.0,41064,257.58,0,277,0.5740539158008973,786,1
530f6139a123e68532bcbdeb0d8a08fd,4,1,42.0,168531,643.87,0,175,0.5740031050436937,787,1
10279c6d42b0c505e5d0c2693bda0469,4,1,13.15,21269,398.99,0,28,0.5739999329744518,788,1
d7a2812f8a9edfbecd6259d4c838518d,3,2,23.01,135481,659.05,1,220,0.5739976815493648,789,1
22f0a8ac8d531b3fa65186b8c5e1aaa5,3,1,20.0,6239,80.94,0,285,0.5739942393528976,790,1
bf2b4338f970909608c5799273e3f494,4,1,25.097,32764,463.2,0,320,0.5739690607449178,791,1
1dd385762b8ee4fad0b5444fc16306c5,3,1,17.25,35184,429.77,0,129,0.5739235691005914,792,1
726f9233d791c28c99ef4cdaa804c7ed,4,1,27.6,7412,98.66,0,165,0.5739155398718708,793,1
f9e5f33f7cfdd884c969b9c641e426fd,4,1,15.1,5912,74.87,0,308,0.573892184446115,794,1
fd248de5c7a60b34d20ec86ae855368d,3,1,29.7,37974,438.65,0,219,0.5738812460932422,795,1
eec331ef343227cd58456472968db8e4,3,1,27.71,14982,178.29,0,214,0.5738353406791767,796,1
bc6e7d6339a279442d772808229ff979,4,1,26.83,9612,116.1,0,286,0.5737324470823104,797,1
6222a069273ab3b09c80e4d81b7372b6,3,2,19.8,2448,26.89,1,199,0.5737272722471156,798,1
6833922792ffb4ddb7585ec33635e7e0,3,1,23.6,7099,70.19,0,59,0.5736736472616152,799,1
bda36b91528105beabcfda32b15d6686,4,1,20.7,48708,643.43,0,323,0.5736091352822366,800,1
32cc5cb58ce46ce224ce3e138487f697,3,1,20.785,33443,389.17,0,324,0.5736001044412362,801,1
c8e1670dc6de1c0b0a18845cc369653e,3,1,75.0,87618,171.29,0,227,0.573564622113479,802,1
74ef44510691008486fe23dd95b111ec,3,4,36.95,107170,1041.25,1,212,0.5735487567435581,803,1
bc929635aa408aa718845a649c3e2612,3,1,15.001,54877,589.65,0,134,0.5735436874212497,804,1
32302714336600b283cb69b16e65a481,4,1,20.785,6788,101.31,0,323,0.5735166803926748,805,1
491aa92a29ee6b3ae4582f0e27296604,4,1,27.6,34656,265.89,0,52,0.5734824517731525,806,1
1c479da6256a4e2edb6a75ff38477aa4,4,1,23.01,26766,341.68,0,296,0.5734119479829164,807,1
74d2a76978de06c793da3360d3cdc0a1,3,1,19.5,24605,313.29,0,202,0.5733561114329162,808,1
3a8a2f6f0329927054c3149dac3cd533,4,4,40.0,36672,442.27,1,33,0.5732748190051264,809,1
1b52e95aa67a514d87db43423e50668a,3,2,19.8,6798,69.98,0,178,0.5732046881441256,810,1
015d24fe57bf9db4ce8f79e266ede43d,4,1,19.8,26805,313.15,0,89,0.5731816394421051,811,1
f3a9b786d4a2c9b570dd655e9093e087,4,3,27.713,8609,112.18,1,171,0.5731263149888667,812,1
30fc20b52474c9db1f75adfbc069ba9e,4,2,31.05,144441,552.15,1,269,0.5731226996524735,813,1
015e995cc1410544e542e5166f525b0e,4,2,23.0,13768,68.16,1,34,0.5731039649555325,814,1
1fefefe16f04f1656b7e686b33745efe,4,1,20.0,13211,143.07,0,129,0.5730883909377555,815,1
8824240c1837f3297a601090b5c2931e,3,1,24.24,57347,587.4,0,108,0.5730741277442727,816,1
41b7424168798cbf65f3098a7c612f1c,3,1,41.391000000000005,22760,292.49,0,243,0.5730396290483536,817,1
078b4e5f8ea9a2f5f4c667f2d2236791,4,1,39.82,64025,2340.78,0,32,0.573023196687819,818,1
5ba1814d986034cdff42122ee91f7148,4,1,49.0,59841,526.3,0,305,0.573003244117467,819,1
60cc0d64beec2f4225d1a51f786250ee,3,1,26.4,339,3.72,0,73,0.5729594473697245,820,1
a62c3132fd6c58b49579c26a6ece3bea,4,1,17.14,37484,414.89,0,181,0.5729374078817039,821,1
2efd4e5aec20716d91f7013f01471c0c,3,1,15.14,41091,90.38,0,57,0.5729139304825078,822,1
1c287f3d79197086b8205b5b504d23a3,3,1,55.0,0,0.0,0,308,0.5727191998482043,823,1
f4e20626ca3534d99a8047c332c84c1d,4,1,31.05,34558,343.52,0,253,0.5726948962539495,824,1
3446fc0d558833e8bad1236b638e325d,4,1,100.0,63912,676.53,0,94,0.5726774641404577,825,1
6abb392c01c70f5f319ad66cd071e514,3,1,43.0,122531,269.21,0,318,0.5726416052509141,826,1
0a346cf68c2545ad67f0f9c24d659a72,4,2,25.0,46451,353.8,0,280,0.5726388147416362,827,1
877deb9051d4909f98172da897b89c99,3,1,27.71,20620,257.02,0,33,0.5725906233072939,828,1
35c7af2b07de8b858e33f024770a0ba9,4,1,82.5,14764,182.97,0,287,0.5725681043915753,829,1
0e5d51415c9b422ddaea5d09cc542273,4,1,22.86,114428,788.07,0,137,0.57255423495987,830,1
534629829ff5496a84a431d72b1a40c9,4,1,20.785,20117,247.05,0,321,0.5725381222632241,831,1
0cd06272ce3e701267ebe2766def23b4,4,1,40.0,137178,846.25,0,94,0.5725265303294139,832,1
645bfa425e0add085f713fb5de904d2c,4,1,24.941,35490,413.18,0,80,0.5724925712605993,833,1
a955302d63c22286e40f148992cdecd5,3,1,20.0,25134,276.3,0,72,0.5724690958583619,834,1
31980cdad3540b188d51571786c171de,3,2,16.5,19336,192.23,1,305,0.5724486529322632,835,1
7a55cd5490434215bcea916b8c9c3da4,4,3,27.0,28584,339.38,1,233,0.5724351856207068,836,1
5747d5d77fcbf6a77eae04adc6d99892,4,2,20.0,30481,384.02,1,76,0.5723706169419078,837,1
d0616ca663446ca9e893daab6097bc2d,4,1,25.0,110757,814.97,0,28,0.5723265161196069,838,1
5da9e02e088f3497d94b7a581fab42bb,4,1,16.5,12657,163.21,0,300,0.5722658652402363,839,1
32239d6953fc977f26a3badffb486c2c,4,1,26.4,27909,328.59,0,316,0.572262187544534,840,1
42f75e7d170a390a3c4780e041ab8588,4,1,16.0,55089,65.76,0,172,0.5721836267410209,841,1
55c99719bfb174508bd4565a89f3c691,3,1,19.8,15718,42.27,0,50,0.5721815423228015,842,1
6f66b5b066234c9d6fbb7298274d7367,4,3,17.320999999999998,100501,104.59,1,161,0.5721589073518099,843,1
98208d3b725d012f393385ad92a7ae8b,4,1,20.79,35786,430.38,0,88,0.5721021968057336,844,1
e6b1462b18cb1774f7fcf62748e342b8,3,2,12.5,36190,366.19,1,131,0.5720945802007754,845,1
94654b768198189f376d39c39f3a1d3c,4,1,3.3,15447,8.61,0,18,0.5719829074544224,846,1
33ebd7f72119792ff2ffb7ab85c48616,3,1,20.785,15993,196.43,0,237,0.5719336645144456,847,1
577ef85e57140449a0bdcee59a5ddfee,4,1,23.1,18620,224.71,0,302,0.5718721846585877,848,1
a2f1ca60c7209361c92416800373dd04,4,1,20.0,16421,207.37,0,126,0.5718548634983371,849,1
6a126cd4205080dd448dde5d8a05f1fd,4,1,27.713,15178,176.92,0,229,0.5717624195630793,850,1
dc778fddd4d9a10b939519c106b89451,3,1,10.392,17600,230.36,0,135,0.5715962718817025,851,1
16d72222cf6b7fccfee756de962723d4,4,1,19.8,10062,124.4,0,125,0.5715933556857313,852,1
c59f14ddc86ea862df2d71ca220acab5,4,1,15.4,62623,671.85,0,54,0.5714987320918173,853,1
941189653cac57854f4ab2abf918bd7d,4,3,16.44,36115,416.71,1,356,0.5714480597664282,854,1
33923df0110024c9bdb81b9ad388dd05,3,1,11.43,22669,283.51,0,198,0.5714161499560794,855,1
c353b6e21a69e7763bbf42c30f358e5e,4,1,16.5,24196,225.96,0,166,0.5713968021732065,856,1
395a6f41bbd1a0f23a64f00645264e78,4,1,100.0,58258,313.39,0,164,0.5713143003116151,857,1
9a70fc7a610f281ff61c65df78faeb68,4,1,17.320999999999998,31445,343.84,0,76,0.5712979815112171,858,1
7e8509ac5b68961085c3b464e694adb7,4,1,15.1,10009,133.28,0,55,0.5712197676052905,859,1
bde115e07fdbadfaef98d756c201b89c,4,2,20.785,7640,72.99,1,236,0.5711400528673147,860,1
f32b04fdceb501008aa90c8c9be7a68b,4,1,14.49,21460,324.61,0,30,0.5711316580997038,861,1
cff8874ee4863db3581bbcd16d1ebbc4,4,1,17.320999999999998,4833,56.61,0,11,0.5709770739579316,862,1
13d39851686f2e5e2bfbfaecf0c6bbbd,3,1,18.4,91413,0.0,0,194,0.5709754059821296,863,1
1d84a287ec0bdfb77c27b610b72210d1,4,1,31.5,8882,89.39,0,180,0.5709480578319447,864,1
2beebe694038564981ad1e51e8167816,4,2,16.5,23551,296.12,1,135,0.5708640319412525,865,1
641fa1ed30cdaf85d64c2d846708fdc3,4,1,40.0,12101,162.68,0,278,0.5708579782616453,866,1
6a7c470b379f2d161ce48d8bc9a9fbb8,4,2,78.0,89791,659.6,1,21,0.5708564317804306,867,1
cae57c4b7bff14e3b39390e85f324ee1,4,1,23.1,19778,246.99,0,76,0.5708394123919979,868,1
9adeb7e60435c5fef188266a7a9d5ada,4,1,111.0,71216,717.01,0,46,0.5708292360687369,869,1
06a17a72f42a5732f037344feb378175,3,1,15.4,52230,423.34,0,282,0.5708149378867868,870,1
906f466b6cf1de0075709ad2747a5aab,4,1,17.32,12531,24.59,0,355,0.5707841339605554,871,1
4498c398f7f795d534bd2d063061df85,4,1,41.0,18368,236.33,0,45,0.5707670278816828,872,1
3e67c483b53da44ab1f64be969d43916,4,1,17.0,8294,139.11,0,39,0.570693247907625,873,1
6f6a16ed39fd75715b1acc656c749f83,3,2,15.935,84496,112.9,1,19,0.5706880002547908,874,1
7bdf0df60032e02e1aa910b13f002ec5,4,1,19.8,25757,108.44,0,86,0.5706800969519421,875,1
ef1c96f32f9d4199ed53f77eac6fb8a3,4,1,15.22,489313,314.69,0,355,0.5705577833431815,876,1
cdd7d8e52ec5bfe36cb4adec4d194658,3,1,23.1,16437,199.81,0,341,0.5705325159244398,877,1
e7d07c9815ea8b520b3a2a9b941d7bbd,4,1,17.32,16602,160.69,0,67,0.5705124110860538,878,1
491bef58ad5bd435ed07269bf68f4505,3,2,27.713,37854,459.44,1,188,0.5705031227128337,879,1
e0086b495fccc66da55125c228e8723c,3,1,15.001,23670,226.26,0,193,0.5704597152465318,880,1
ddc1071dae0934176a9d9873fee1a9fe,5,1,31.05,12754,166.68,0,320,0.5704445732581288,881,1
5514b18508f378a39f41657554aa72e3,4,1,65.0,57811,1193.99,0,233,0.5704262332257467,882,1
1c2e4d95f75224b52db1526dfb7e3de8,3,1,26.4,20107,225.38,0,193,0.5704151946243072,883,1
b69b53415da75bcc5ce2061724a057c6,5,1,28.55,7552,135.24,0,309,0.5704132135973902,884,1
a96c9dc88b0b87309aa26a9798a87e8a,3,2,15.78,29754,124.98,0,320,0.5703815407163567,885,1
04ba2221bae849d84969c7b4a435abcd,4,1,24.249,177957,852.51,0,125,0.5703777619718173,886,1
eab107299cb3a0caa1da0d826e257a08,4,1,17.25,5351,58.82,0,136,0.5703499643300133,887,1
9d00f35bf0e8de3e6dc956e54938ec46,4,1,15.1,26649,181.73,0,59,0.5702642229192131,888,1
8fcee8f52832aac1656d4148066da865,4,1,27.713,12531,27.88,0,52,0.5702638276899166,889,1
cd5bb0057b283eca4bee56247ec5f220,3,1,15.1,17097,217.8,0,142,0.5702379951969225,890,1
c6a696b9fec4dfe700757b241e564a17,4,2,25.0,0,0.59,0,128,0.5702244547308075,891,1
9ab3265b50820020c03fc991a7070b10,3,3,17.320999999999998,17351,221.15,1,257,0.5702006084031775,892,1
176c9b504fcce2b2f32abdf284566a8a,4,1,82.5,5695,1.03,0,279,0.5701735361495153,893,1
8a9237d28725154330fb7eaea03e0c48,4,1,23.01,342248,219.52,0,165,0.5701641340702577,894,1
3581a9adfd161d7c2825dab600c0a41c,4,1,13.856,14178,233.85,0,30,0.5701368248051493,895,1
f560c3552ab2c670218a68fcd87d1d2d,4,1,25.0,4133,52.59,0,181,0.5700791950778704,896,1
1947baa0930c5a1dbdeefea27a39a13c,3,1,41.5,18437,252.26,0,304,0.5700692596133763,897,1
60f2cd2f46512f2f7ec952cef8407155,4,1,16.4,18976,220.57,0,287,0.5700649782051429,898,1
9ed0f4ad275e1ab2ec194d0fc01c4b63,4,1,16.4,4128,45.58,0,355,0.570056070752044,899,1
54cb59fe986e9c65b03019d1a1968518,4,1,20.0,55292,368.88,0,328,0.5699577386957152,900,1
9dc24a7803c951a56697d7c2fc3cf815,3,1,17.320999999999998,29156,344.57,0,144,0.5699448713582342,901,1
786716aae74c0b5713f8098f6f512654,4,1,17.320999999999998,6912,63.54,0,83,0.5699054060585009,902,1
51743fb1e3dfd96c74a978b2c58695c4,4,1,19.8,23486,323.5,0,246,0.5698949185769334,903,1
8746e69c5a73541d079b47dd9707dfc9,3,1,33.0,69250,716.91,0,209,0.5698764820979536,904,1
9ce2b02261bb81845e8e556270ed20e1,3,2,34.64,57829,532.16,1,256,0.5697554832072916,905,1
ecd570437e0441b9263e29f962c31946,3,3,13.2,24433,327.81,1,131,0.5697278190191533,906,1
1cca1cc8d520dd722314e34b99969c4e,3,1,20.0,572228,980.8,0,129,0.5697110759716909,907,1
6758e936ce2d7dcf0910b663712a575a,3,1,20.0,35614,303.39,0,274,0.5696570369580044,908,1
6f17cfb50a7760e3e61e9e14e267448e,3,1,41.6,55368,359.51,0,269,0.5696245657706032,909,1
8eb3f9814d76ee4a99eb5ede2493b4cc,3,2,16.5,11159,83.58,0,164,0.5696175666068809,910,1
0d168b2ce5aa18e96cdaee3768fd9043,4,1,41.6,19841,243.96,0,296,0.5696151223308186,911,1
6441b30fdde9667913c89ccbc7732585,3,1,46.75,133248,395.4,0,292,0.5695981643920216,912,1
62db210cc93cf358e3e899ee05e1c123,4,1,25.0,9688,66.64,0,96,0.5695576851970726,913,1
2f6ef5ab60c1ac3e9393d286796d541e,4,1,17.320999999999998,4287,55.79,0,82,0.5695298373042438,914,1
38c65dc6dd58c71b60dba5e2dbd5730a,3,1,15.001,40056,211.45,0,285,0.5695287943149228,915,1
9ee12933ec7c20716c64c4fce30d2939,4,1,17.32,4718,66.9,0,174,0.5695265896668597,916,1
de9bc3bab5706752989e91b824c8814f,3,1,13.2,25574,289.36,0,143,0.5694696920337451,917,1
0a928494103e31dd0980bceb389cd26d,4,1,20.785,11675,543.46,0,29,0.5694318384916146,918,1
74c84cc9b5027cbbada2309e91d602d4,4,1,41.6,19415,219.08,0,46,0.5694187806599125,919,1
42f7698e2ca9b1cd0ca7357fd93be6d6,4,2,13.856,18443,280.38,1,28,0.5694174931042194,920,1
e249b19e714f1f8033925d578d707f1f,3,1,19.0,12971,136.55,0,92,0.5694040126864232,921,1
d715b1c39182beb37791644931653501,4,1,27.713,15439,184.49,0,189,0.5693925785799874,922,1
b8e8a0baf69226cd053c145b46a1f920,4,1,16.0,29747,341.24,0,11,0.5693019666812968,923,1
83c35dae38d337aa3a2b900bd1258275,4,1,17.320999999999998,9043,115.33,0,310,0.5691762128918657,924,1
82a92e5f2098121216185295a624a6f3,3,2,20.0,45880,99.88,0,359,0.5691332952446303,925,1
cfc9f4f6b4365334d6335716c1808007,4,1,65.0,32460,357.99,0,339,0.569095605169898,926,1
8d4a6d9421d9ede1ba8730a7841e79de,4,1,19.0,7243,78.6,0,222,0.5690950096564826,927,1
4e58500c4ab8fe50fa8326712d8f3ca3,4,1,16.5,47238,365.24,0,317,0.5690545604894238,928,1
6dc744095c9669cfc22069f9b67418f3,4,1,19.8,3126,37.46,0,125,0.5690079109431843,929,1
ddf73a38051901b06763d1d01943e152,4,1,26.3,8415,99.18,0,105,0.5690051890122229,930,1
6afe87f0e71437c645535cb118b26628,4,1,43.648,21473,278.95,0,250,0.5689910437625652,931,1
9db4a1b37fb5450a4ad952943354ad42,4,1,16.5,29715,374.29,0,274,0.5689702792300062,932,1
b35fb12c177606fb3692b6296bd24b68,4,1,26.6,20266,226.2,0,93,0.5689632008638151,933,1
2e068172f26537586399007ace621740,3,1,27.713,4378,56.15,0,156,0.5688953424048758,934,1
b066b0764ac236b56ec54782d54108fe,3,1,25.09,55911,322.35,0,67,0.5688695066830075,935,1
d883b265c730032cf60b402acfbb5290,4,1,14.26,71120,899.18,0,135,0.5687908465700221,936,1
5c84594f68983f00722fc927c6d0cfe3,4,1,31.177,22927,318.05,0,77,0.5687752523226216,937,1
48993890647baae3cf5de7a881493b5c,3,1,16.0,27427,347.41,0,255,0.568741086035013,938,1
8bdcd1e4ee19ef24c545d2ca352f7622,3,1,17.320999999999998,27705,272.99,0,178,0.5686749915213594,939,1
65a2ea176f83ab6c1c8dc8006d7f3a68,4,1,16.5,5255,57.68,0,364,0.5686260678557458,940,1
4863e23d15817b7c4cc944cca975e67a,4,2,45.0,25289,289.48,1,230,0.5686071243435578,941,1
f7ff7c81b25b856fe22900e13a873d73,3,1,24.24,127890,474.89,0,30,0.568596792716681,942,1
fca2a0ccbb097aaf185c56ecb9707f8f,3,2,43.45,20494,259.22,0,107,0.5685906555046374,943,1
29b5c3f135e85817b6ba7d59c1006cf4,4,1,41.5,247,25.28,0,29,0.5685483824886576,944,1
4c1b5433e2ee3cb09e3fd4ab78a5ccfb,3,1,33.0,33679,19.71,0,145,0.5684951344582339,945,1
6f75a8d297b6daeb2ea7001e9f677061,4,1,27.713,30373,390.99,0,244,0.5684826300626216,946,1
8b1b939a03094be51cafe74840c47432,5,1,25.0,17794,231.03,0,77,0.5684594379546791,947,1
bc36d3f47452c7071c07afe0e40d1e0c,4,1,17.320999999999998,39768,492.27,0,101,0.5684590423806181,948,1
6277b9c892f6e501cb4deb70cc51a4b7,5,1,20.0,7590,115.58,0,131,0.5684144754919659,949,1
591fc49c281d6931940d3079c3d45618,4,1,24.0,14803,58.38,0,83,0.5683895270104028,950,1
662abaef4e87cefa41e8c24c6878e6f6,3,1,17.320999999999998,6956,76.45,0,212,0.5683816675613822,951,1
658f34dab4b474d4e93f8a5cbf9e0515,3,1,60.0,10843,37.39,0,296,0.5683144136108249,952,1
79c490ffc7e64b59018c8273bc475f7b,4,1,17.32,12813,140.78,0,104,0.5682997313605314,953,1
471a911d1a509d0ab960f79893d7f89f,3,1,43.648,17760,243.13,0,270,0.568275990154204,954,1
8e49bd68038899192497e282214ee1ef,3,1,19.8,18385,226.97,0,347,0.5682747757840652,955,1
5f6163ee90aca11d117d8dec264f4d64,4,1,19.8,86656,988.69,0,344,0.5681656140342688,956,1
42f2ac610ec258f1c95a8723c41751d5,4,2,20.785,29790,405.96,1,285,0.568164739348937,957,1
b85c962e6449fbfa7eedfe39aff1530c,3,1,20.0,33856,416.97,0,163,0.5681295776522947,958,1
c7be5df6561cd9f57ad1e6167b231ab3,4,2,23.1,40935,186.72,1,271,0.5681154288544774,959,1
fa9944f5557c212c3232f7d5306241cb,4,2,31.177,38310,474.62,1,109,0.5680190122289545,960,1
56e4aa31618a91c7c4c4f89d8f2053a2,3,1,85.76,190014,507.81,0,123,0.5679942591686484,961,1
ff9748860e7bc4798846ddcffae1a7e6,4,1,17.25,25621,299.25,0,319,0.5677660849423117,962,1
105493a1cade1f03aeb65278ce292cd6,4,2,26.0,87078,761.43,1,41,0.5676716508459637,963,1
a2464b6d385413b9c556ed0385497cf4,4,2,10.392,4203,250.1,0,127,0.5676479289439307,964,1
e4b6118c888b5cca72c5b9f19f751a87,4,2,15.1,7804,6.48,0,40,0.5676102055126537,965,1
e6157b9b1870bb22c7efc81872cf0b49,3,2,10.392,260103,323.42,0,73,0.5675942829450892,966,1
66872411e1a18cf6f86b13bf54aed11e,4,1,25.0,20013,133.68,0,9,0.5675911905755581,967,1
9c84eb43b476dffa18178693cb044285,4,2,33.0,22610,275.73,1,152,0.5675891323585358,968,1
37dc19ea5e520c4a481907230607aac1,3,1,13.15,29778,379.64,0,35,0.5675753660785724,969,1
9c3a3363a9860763b28b564d070677ac,3,1,13.15,18381,241.47,0,131,0.5674323773987708,970,1
7d325485515a91358f8afc3657bce353,3,1,20.785,2335,29.22,0,102,0.5674268747373692,971,1
572f05986cd9ca8a68e7e68fca7c8e1d,4,2,27.713,15075,216.27,0,40,0.5674163776777,972,1
6eaaa43e4cd6fbc3f44815177826431d,4,2,20.0,24699,230.91,1,42,0.5674035369833439,973,1
d8e40044e24b6d901921a92063e6cc7e,3,1,41.5,187731,298.75,0,210,0.5672716586430596,974,1
60fde06352e8c062aff7d36413cf886e,4,1,15.0,87731,683.44,0,45,0.5672562358398792,975,1
8286c591e71aa49555ee4ed9f1f432f6,4,1,15.1,3369,38.11,0,170,0.5672248435574003,976,1
5a457cf1b172db7fc7e92b143d7490e6,4,1,17.32,6257,59.92,0,55,0.567196256694666,977,1
b14fa3775f924cc433fb9f6bb59a5b8b,4,1,98.55,126184,486.04,0,33,0.5671680253153926,978,1
f9bb6cf2dbdeea14028972959c019a2c,4,1,32.9,4905,55.21,0,174,0.5671660935613171,979,1
261d2e5f9e3c930deef0e8dae8b9e2ce,3,1,23.1,357647,646.63,0,33,0.5671113592325385,980,1
733331403f9ae5c0636296f901eb7573,3,1,16.45,463174,553.54,0,193,0.5670799472991273,981,1
dbbd08b1b42b5954ceab5683fbd53937,3,1,10.39,2813,97.11,0,83,0.567008115746412,982,1
b25b3f63ec641025671add0aa9dbfd7f,4,1,26.32,297901,35.7,0,58,0.5669591468432487,983,1
ecf054252bf35a4bd58a6c95dc446d82,3,3,15.001,30466,339.65,1,131,0.566951980624274,984,1
673b2244fea35a68206ad5afcbd0fdc8,4,1,15.1,22700,280.69,0,350,0.5669491635161452,985,1
12a5e27fb3d66d98f79253702b6ac028,4,1,111.0,84327,792.96,0,10,0.5668317836320061,986,1
cabff6d412edd42f72ea376e7df89519,3,2,23.1,655,7.44,1,18,0.5668084851884249,987,1
a472bd576fef71ac23d888250753eddc,4,1,100.0,27162,196.1,0,64,0.5667999448275274,988,1
3bf73e5cfdf7baa777aa59eb8582bfa8,3,1,27.53,50905,403.61,0,236,0.5667834234702116,989,1
c01b478667613fa79ec18bbce2ae2bb9,4,1,45.0,13768,167.01,0,33,0.5667739074202884,990,1
cc4d2fe6d14b6916c9ba0ef43d382298,4,1,13.943,18380,950.02,0,121,0.5667527953658648,991,1
c84702868b5439b546f5d35e4ebd4262,4,1,16.379,30012,326.96,0,41,0.5667013473364771,992,1
21b7b85053aad373a27b42d3000cd76e,4,1,20.0,15451,35.9,0,98,0.5666375918464657,993,1
5e69aeb1eaabde59e7560d9c1132cd9d,4,1,27.6,10754,132.06,0,326,0.5665902629786872,994,1
40ebcc2aa42ef1e924d4361761387ee6,3,2,32.909,38117,511.71,1,303,0.5665139362786724,995,1
a75f46cd3b4d58a93ccb2f8c4e40ee33,4,2,16.0,15667,195.63,1,355,0.5665079642335316,996,1
e3aef47ccbf735815692b36e74bb36c2,5,1,30.0,2609,31.53,0,135,0.5664777973417675,997,1
e5c6e21507bdf7bb4b275b081b132894,4,1,19.8,51478,589.9,0,53,0.5664317210654344,998,1
1139296aa1c0194bf55bea1e58b5e37b,4,1,20.784,72423,229.37,0,34,0.5662297982540015,999,1
79b47afb297087f69c7df166450b9ffc,4,2,27.713,41297,502.98,1,80,0.5662186706602798,1000,1
dead8122e9d12d20747cc064edc058ce,4,2,19.8,24078,273.92,1,15,0.566210607557108,1001,1
613c151e4c6c188c640d31abf462a01d,3,1,17.320999999999998,5361,65.69,0,30,0.5661628020081195,1002,1
c3bbbc26f23a23636d5bf3b74134c6a9,3,1,15.001,1374,34.42,0,130,0.5661434486639596,1003,1
f8707dfa03e25a84684b2140cd88acc9,4,2,16.88,7853,86.17,1,347,0.5660925127937337,1004,1
c12a18c937867a714a2ee41ae36416e5,4,1,17.0,43067,574.53,0,317,0.5660896410398163,1005,1
27b24d6dd846e2de25237dbb06e19042,4,2,19.919,34276,415.88,1,223,0.5660644665070484,1006,1
9590c7a6100ae76ec078aa177ffb8d0d,3,2,19.41,343504,3215.03,1,294,0.5660054817810982,1007,1
896bc508c7da6123435852240c4bbbd0,4,1,17.3,26541,297.72,0,64,0.5659983843302325,1008,1
7b5151678ad38110941404cfa0cd246b,3,1,10.392,39316,361.23,0,122,0.5659689858236425,1009,1
b23a259153cf43b5ad472bdf47d0890a,3,1,23.1,61986,695.15,0,290,0.5659669468560202,1010,1
6f73429482045dc3bafe5d5d129fd4fb,3,1,33.0,20835,238.24,0,29,0.5659398239212488,1011,1
d3880a4a3e5aa04985574bc7df2b5789,4,1,19.18,35384,423.4,0,247,0.565912386075995,1012,1
0add6e6676f50f0e87162a92d359d3f4,4,1,20.0,24924,332.31,0,118,0.5658927401743878,1013,1
44f7e2fc99d3988aa7644934b98d53f5,4,1,27.713,14191,178.68,0,166,0.5658710314883315,1014,1
b1cfeb69a1a6b033828a00ffd97bde18,4,1,17.1,40966,457.41,0,55,0.565799816138221,1015,1
c44732b316e76be33c1386da430e6b8c,3,1,15.0,15366,353.95,0,48,0.5657800826344723,1016,1
db5874461496e5babb9d32fd7f7612ce,3,1,30.0,2960,42.23,0,321,0.5657766655030596,1017,1
34ff49a26d4e9799115de4be58532196,4,1,25.0,23967,5.47,0,260,0.5657722003865128,1018,1
a0aa6b63917bdc76b31ac20737270e33,4,1,17.320999999999998,2391,26.49,0,16,0.5657565030139312,1019,1
3cce2a6c12c7c3d438331434134807ec,4,1,24.25,12709,142.16,0,27,0.5657472241781769,1020,1
02a4e4d470f1e754331a31bf5a28e889,3,2,40.0,42081,487.13,1,317,0.5656945608892875,1021,1
8b7f54a0496e4aeb0cc8eedb69461ce9,4,2,26.67,17304,125.84,0,155,0.5656863229336548,1022,1
2cf20b18f6585c38ac04598240759a7c,4,2,17.32,108536,54.62,1,271,0.5656382165035959,1023,1
98692cf42aaa2a9cf1b87b45b6fe875b,4,3,31.5,641891,421.27,1,313,0.5654711366982956,1024,1
0580216fd8b3a562087d52673f6ba63d,3,2,16.0,52055,314.89,1,2,0.5654489745264349,1025,1
2538bc8fdbbeb8cbee9cc373a86a5843,4,1,31.5,24538,239.5,0,235,0.5654306956702143,1026,1
d500c49b61206a9cfc98088ff9759189,3,1,33.0,725751,619.17,0,290,0.5653861675225316,1027,1
998f142f67314fbc9e77672c3e14bd13,3,2,48.0,105082,1098.23,1,286,0.5653791608333909,1028,1
79fd99856d6e651cb0ff2323ec847845,3,2,20.785,27068,363.13,1,312,0.5653523926482945,1029,1
c3b77d66d130d18affbea03164c12206,3,1,13.856,23172,324.23,0,4,0.5653292275928321,1030,1
f4a5ff4ae6b71240ed23f03e1811b60f,4,1,24.249,10257,7.92,0,116,0.5653266978435031,1031,1
6a7126353310158166b45be984a68548,4,2,20.0,6896,84.54,0,158,0.5653190168944497,1032,1
19a1ce4c43af52ecc6597b0b87bfda27,4,2,23.1,32757,397.46,1,97,0.5652943186908069,1033,1
225a0d457cc4550116bcaf3479a25aad,4,4,17.320999999999998,5052,30.4,1,348,0.5652659464997133,1034,1
c292d03d39a01f4ec74a4ef7de862423,3,1,13.2,54614,603.86,0,195,0.5652483604424419,1035,1
9c9cc95eac9fa04d4916ba81de6b80a1,3,1,13.2,19773,267.18,0,217,0.5651296768521623,1036,1
70661404d14976b82db945b2aef439e2,3,1,10.392,18933,238.01,0,73,0.5650511600613636,1037,1
8882059c60e04afaa171184ee15d3594,4,1,17.320999999999998,652100,486.53,0,359,0.5650196927259287,1038,1
0a07c2229291d3290134e994d003e9e1,4,1,15.001,53614,199.27,0,234,0.5650016530162457,1039,1
055f3f4c9108eb27c53a0b8b0d3a3416,4,2,30.0,40729,41.21,0,40,0.564996134100059,1040,1
d913b3209e4c8eab15a45a9419de5e0b,4,1,60.0,1129316,570.97,0,339,0.5649766034040964,1041,1
901856b1a0108f961c65bcf63af5607f,3,1,15.0,15366,348.01,0,48,0.5649626610844218,1042,1
cb2435d687456c2ca93e373faed40d98,4,1,17.32,13456,143.84,0,115,0.5649592250879832,1043,1
1841b9213afc74078d7b50885f023a1a,4,4,20.785,12581,69.55,1,173,0.5649471622380855,1044,1
a5b20011ecb68affaa6ca937d3ceddf0,4,1,13.15,55583,728.4,0,110,0.5649195948008594,1045,1
c74e974a96adb7457df3a0ee5a95b9e1,4,1,10.392,10415,624.15,0,334,0.5649012879706113,1046,1
d84691d96d6940ca7589b8c9a8218d51,4,1,20.78,18807,223.45,0,223,0.5648641903557375,1047,1
1ac227698fcaf3fc9e3a663ae20f2c8d,4,1,17.320999999999998,26459,131.04,0,252,0.564857055662272,1048,1
7a377dacfa3f9e7e346e9c35e897b397,4,1,15.0,31382,494.79,0,30,0.5648281868082441,1049,1
263ca85685e37db5f04ba1aa45501b88,4,1,15.001,7807,81.7,0,92,0.5645971703431089,1050,1
1c260fb958bad7b32bbc074db39c49d5,4,1,16.5,196804,238.56,0,250,0.5645601603486321,1051,1
b5bb62f93cb78601434f109256287c45,3,1,15.001,61044,516.77,0,152,0.5645595265093498,1052,1
8a4df81fbd680b68dbedd74f661c0f1f,3,1,16.5,36992,370.05,0,265,0.5645482599810381,1053,1
6dc0720c2d1a22497a81864c41b4def3,3,1,23.1,29938,308.33,0,59,0.5645353060058678,1054,1
aa2a47298c3a4d3adeb5e15d0b287244,4,1,19.8,122307,227.65,0,251,0.5645206713141926,1055,1
c4f6e6baa405899d5cee231057c0aed1,3,1,17.0,16238,72.48,0,38,0.564494440699049,1056,1
48326f9959cfd3e53f3059e530848de7,3,1,17.32,5422,74.48,0,203,0.5644487600479001,1057,1
6953327f8e84ae20ce093e9867490d78,3,1,20.0,64126,673.92,0,9,0.5644431141758287,1058,1
bc6bf5442d9d292b3c29eca4efa80937,4,1,45.0,69648,523.12,0,159,0.564411342961352,1059,1
b7bdc942e1866011b08fbc7ea928fb13,4,1,41.5,18162,229.29,0,300,0.5643761621885853,1060,1
efb772b237357f6f6cab88aa5b4d6255,3,1,10.52,43285,517.56,0,195,0.5642880939725682,1061,1
e06d538392db4b3d328e56413776f6a8,4,1,35.0,30893,390.51,0,104,0.5642536793023535,1062,1
26ab494d4220139b5a55b8b64c3226f8,3,1,29.7,30212,201.31,0,129,0.5642413613682714,1063,1
5761aedea7d6a1af9aaccb3c576dd0c9,3,1,27.713,19341,52.86,0,216,0.5642252623258721,1064,1
c2de3137531ac14ac08652cb61965daf,3,1,16.5,28721,169.15,0,202,0.5642034142217073,1065,1
8efe5e9cd9023a92c9298aecc94f9423,4,1,25.0,5445,61.8,0,118,0.5640608972796265,1066,1
7b255f78f75582fc6fe611a3f1818916,3,1,13.2,18766,248.61,0,132,0.5640406919088778,1067,1
82af2c5e1d3891740a1a50a35adcae19,3,1,21.04,27773,319.83,0,291,0.5638896487935849,1068,1
eec3c1ce7795495d9ce52b1d3e58719a,4,1,11.0,11503,207.59,0,29,0.5638489931130685,1069,1
2bda035893e3946fe6db4749e6445343,3,1,60.0,63663,678.85,0,4,0.5638453479620658,1070,1
292306faa36b8133c69756199772264b,4,1,60.0,31586,246.54,0,168,0.5638264308709074,1071,1
494dc62d9b9594dd543d91d544ece684,3,1,17.32,22992,103.6,0,229,0.5638039950101617,1072,1
4c7fe6bff7497e7c0778370f535ca179,4,1,16.5,15080,150.09,0,176,0.5636831347573952,1073,1
05aa0c441cd84c9ff0b5d34f3ad3ffc1,4,1,16.5,25672,284.27,0,144,0.5635917349591876,1074,1
b5619c59c0cbbdbb99bb263fa10cc13c,4,1,15.01,55786,394.01,0,313,0.5635335955387845,1075,1
eb08c7a6913b7fa09e2e0c625e67b134,3,1,19.0,2860,35.46,0,37,0.5635178404671745,1076,1
49140cc6fdd00ce4b8f864347735d776,2,2,16.5,48676,423.36,1,284,0.5634874557203511,1077,1
43453d94ba482172e9aad2f63edf1607,3,1,16.5,12694,145.64,0,298,0.5634850579504609,1078,1
74efb6c12462e4eb5e0cd7ddefd4217a,3,1,33.0,15685,189.03,0,311,0.5634390265500326,1079,1
bbcab4d655929852eb0927417cac6b6a,4,2,62.0,62945,572.06,1,125,0.5634083155630513,1080,1
992de3a0ad22bb8879054712bd9648f4,4,1,20.0,12245,53.84,0,324,0.5633562275831232,1081,1
622a73e9c52fcde0408f8f7b86d4a03b,4,2,31.18,36775,547.99,1,308,0.563351215435511,1082,1
d2b46091029de22471ed0cb5bf8ca650,3,1,13.856,39014,500.9,0,52,0.5632941366612954,1083,1
d5e690b92e9150cc64a2e260c64e4c57,3,1,13.856,28874,358.47,0,25,0.5632833001835501,1084,1
605c8b7231219b7668392fdb3888b3b2,3,1,14.8,63878,258.46,0,142,0.5631822241737429,1085,1
614f4b490fd2b34026d40741b285233e,3,1,15.1,22184,241.24,0,361,0.5631700912897768,1086,1
bc2a4a55267f560b4bf31a2de1ad520b,4,2,15.001,29868,327.1,1,10,0.5631623181452092,1087,1
77b34f7c053aad7f83fef2fef59b7153,3,1,17.25,7364,119.3,0,198,0.5631574650922788,1088,1
954b8974eccb5a999c08f4f14964aa44,4,1,26.4,23776,319.95,0,74,0.5631110039982611,1089,1
147fd11dab72fbf87b0b1a2bd7933987,3,2,27.713,3525,37.93,0,23,0.5631019634054275,1090,1
f24b19067c7633f2fafe885a7214e25f,4,1,26.3,5107,67.52,0,320,0.5630577004898641,1091,1
fae7b135893bbd3ae52f21bc48855cb6,4,1,25.0,15927,213.22,0,251,0.5630385070912228,1092,1
01ca7efd3425707a24bdcf6982384987,4,2,17.320999999999998,2347,23.1,1,361,0.5630288338484851,1093,1
46150eb6ef958c7f56e1d2aa2a7d7d61,4,1,17.320999999999998,45415,218.27,0,133,0.5630093896191888,1094,1
4d50c004a4316f5588093ff04fe6b3cb,3,1,45.0,176339,1.37,0,4,0.5629688381017595,1095,1
fd44aa1b1d6216abb6b4f51bb5b9a339,4,1,11.5,19104,240.23,0,47,0.5629616821886969,1096,1
6716d620248b3e10cd3103ee48ec46bd,4,1,19.8,5782,73.05,0,38,0.5629398793453323,1097,1
80e8fe095dca99e2320b3b672f99c0e0,3,1,13.856,3404,74.56,0,348,0.5629298932602296,1098,1
008e9867a90fb37bebad0a328d519931,4,1,18.13,27801,330.71,0,166,0.5629181026718271,1099,1
42bd081e3a4c6243b3c4ea5c83b7d6d1,4,2,15.0,29593,492.74,1,273,0.5629180543577174,1100,1
0f6222acb077070a1b2b766de48a4a94,3,1,22.17,193564,368.94,0,203,0.5628988491276231,1101,1
51d7d8a0bf6b8bd94f8c1de7942c66ea,4,1,20.785,64138,224.8,0,251,0.5628488106050465,1102,1
63540a81c9c5ea3dd6e7d7ff4554a047,4,1,15.1,21236,263.62,0,129,0.5627930905615869,1103,1
07090f5290d07ca4c5fe8529214bfe00,4,1,115.0,46766,549.58,0,296,0.5627559347112748,1104,1
9758fd0ca1ac51f4c2ecb22a1a36c2b7,4,1,19.8,12999,169.7,0,197,0.5627387132691763,1105,1
3d965bf36bf574cd521b4da9e4ed3260,4,2,19.8,76353,581.78,1,56,0.5627329819774908,1106,1
00d44d36582e0f27ffbc0bd39c87fef8,4,2,15.935,31768,418.26,1,322,0.5627168733305361,1107,1
f8132c99779e76baab98e347470ac648,3,1,63.0,71417,740.86,0,103,0.5626812291696501,1108,1
c53f91d8eb99e73c3ee0250afb303a3f,3,4,15.01,9107,76.93,1,71,0.5626733291240523,1109,1
8eea6509c75bca4f0013e729ad7f68d8,4,1,70.0,76975,267.08,0,73,0.5626428259634872,1110,1
06c633c0f097f2d7088fec6c511243a3,5,1,59.0,108615,824.76,0,352,0.5626271710571126,1111,1
773635ba3608c803d3b842bb6c0f6a05,3,1,16.5,13148,144.37,0,134,0.5625308237826935,1112,1
15e1a52b280244c7d024151957d22ad8,3,1,11.6,34232,396.36,0,214,0.5624605795986912,1113,1
43033233f8fbfea7c864680e47f39af5,4,1,17.320999999999998,2342,27.62,0,67,0.5624529317643455,1114,1
32ee837bb13f5301932f5b1bb5edee59,4,1,42.0,28491,301.36,0,11,0.5623978154174868,1115,1
33a02cb0e299310d5a44386a8214019a,3,3,20.0,14484,181.67,1,72,0.562383594930939,1116,1
52c8cc695e82bbbdf2ca4df119160870,3,1,80.0,21878,225.34,0,81,0.5623257440011037,1117,1
0d9adada4aaeb600cf7b7f4fdf094483,4,2,15.01,7801,109.75,1,252,0.5623177246750182,1118,1
d2db8f200c7a0d98c6b7f0e4ab694179,3,1,33.0,46822,403.06,0,352,0.5623129428645453,1119,1
8c63e2d5e8ef76d0c74a28feddf82b3b,4,1,20.0,5652,76.16,0,60,0.5622518768178423,1120,1
3c3933eb04ae90d5bea542d826fbeef1,4,1,20.0,12104,147.79,0,77,0.5621608619264609,1121,1
a5702b0fd99c294d783ff8096b70bc95,4,1,13.856,13041,216.77,0,28,0.5619819465318093,1122,1
9a01a8d9d53e84a935cb7abef62ad01b,4,1,19.7,58915,359.74,0,327,0.5619803423424836,1123,1
0bbcbf719de117860f80854e9f9f420c,3,1,19.7,26542,342.27,0,40,0.5619466979163567,1124,1
ae0744146d28c22a1f011d7f310f51b3,4,1,40.0,45918,435.0,0,15,0.5618969436051658,1125,1
ee5b60bfa17c1ad3274ab12a15038bb6,3,1,17.320999999999998,1647,21.66,0,303,0.5617803497517789,1126,1
21efdb8635644e0a5412bd59f5c9068b,3,2,19.7,133153,56.79,1,327,0.5617695919874595,1127,1
a5b2fed3f914ccfd00c843bf9834e106,4,1,20.0,12245,52.78,0,324,0.5617254183397655,1128,1
7d7412b4a591a8f8dd1c49538a809616,4,1,17.320999999999998,81472,849.05,0,159,0.5616664312761178,1129,1
c598e2606ddd4b0eb167ae98e35d7ba0,4,1,20.7,29377,10.42,0,364,0.5616281448311403,1130,1
7175859c7039170a5062a4ba76a2d99b,4,1,43.5,38840,506.36,0,329,0.5614932510096031,1131,1
554c7354bfb6e7a266f19c9176ab94c9,4,1,26.3,47443,581.62,0,41,0.5614744794838806,1132,1
ba6c6d79e9f250658d98679ea85d94d4,4,1,19.8,22791,278.89,0,139,0.5614580033777931,1133,1
f01255de2f8023e9e503660fa14cda47,3,2,41.5,53932,605.22,1,299,0.5614448391078605,1134,1
41b6aee15c5709012eba4e7ffb365a9b,4,3,25.097,23647,161.47,1,283,0.5614414149734531,1135,1
3b07f04e61c55c3d9f7b8adbd8e01fa8,3,1,25.0,15416,198.56,0,261,0.5614206541360944,1136,1
20ff7dcc381427e314861eb85dfdbaf7,4,1,45.0,98957,549.5,0,235,0.5614188829724497,1137,1
f5efdc0efd34a90a19a4d4290ec55d8d,4,1,15.001,26949,353.21,0,283,0.5613710378401155,1138,1
1339f644dee3e85702f91155b7073d5d,4,1,30.0,73731,598.04,0,90,0.5613102018554879,1139,1
62153f0ac27f20b6d8c0ba08a363b8bf,5,1,23.0,5182,71.49,0,322,0.5612950431361264,1140,1
7168f3983ace3e295e97db8a11fc9998,3,1,13.856,31512,341.32,0,132,0.5612207305514503,1141,1
49c56a76e0cd8667fb12929785e59600,3,2,13.856,941,123.02,1,338,0.561207856473434,1142,1
60a74f92c9fab5b1367530b6013a99ed,4,2,15.001,22020,252.53,1,117,0.5611486038954108,1143,1
6f5f07df9693081d673568683a5d51b1,3,1,15.001,189509,408.81,0,222,0.5610416317629154,1144,1
21be1297afa84f08abc61161e5fb24aa,3,1,15.2,102570,485.2,0,40,0.560978506789479,1145,1
353c7a38a3fafd078eb86809031a7337,3,1,45.67,31690,285.52,0,128,0.5608779976972801,1146,1
5f07b5b94ee0c6e9f69aa95791e316e9,3,1,26.4,15152,171.96,0,79,0.5608718532909751,1147,1
5d3c88d9b2e4d21b95c1c3e7860fcd07,4,1,15.2,12925,140.06,0,30,0.560856993156723,1148,1
4d2efc98459220671b4f08c24a209720,4,2,19.919,32749,411.0,1,266,0.5607827469806751,1149,1
e91f386614c13becdf81cc47fadfa2a2,4,1,16.5,1750,21.87,0,45,0.5607646662855661,1150,1
44a238c8f49558028e4eef3f0d7e0c34,3,1,16.0,28962,368.26,0,29,0.5607581683911332,1151,1
1d62d9457bd6cf219138e7f98bfde2cc,3,2,35.0,65020,456.34,0,64,0.5607332217201596,1152,1
14ccb05be62d74f769309d18f0739ba4,4,1,20.785,3415,42.04,0,187,0.5606059241869957,1153,1
8264b3e3d983366cda061823d5dabea9,5,1,16.5,5767,72.17,0,342,0.5605581817318162,1154,1
7a9860942247c892707f02ee1f05714c,4,1,40.0,1233,13.53,0,104,0.5605543566074694,1155,1
2e2eff708046ed22bacf8e622602d06e,4,1,15.78,9501,93.55,0,89,0.5605019920908565,1156,1
eafa2b83f2fd1cb661f3baa44a62c651,3,1,13.2,20033,274.43,0,93,0.5604942359131343,1157,1
d26e3763d11463e74c66b92164900d3d,4,1,24.0,17265,706.3,0,30,0.5604582243371787,1158,1
6cd3e974510f324688482c76e0422e97,3,1,20.0,112916,341.27,0,293,0.5604460361766577,1159,1
0e488ba7854bc00ca579f5480a486b71,3,1,10.392,16435,223.19,0,92,0.560444360103618,1160,1
46ea437826373e59bc619996620b4aa1,4,1,17.0,22886,902.15,0,93,0.5604047007375358,1161,1
c8d60506b9f17226887b07a0f6276a9a,3,1,69.68,83454,0.9,0,22,0.5603599007118855,1162,1
640abb7d38822bc7bdcbdb3ac2ddb0b5,4,1,37.41,57389,596.24,0,165,0.5603416642110827,1163,1
6c9103b3a9b68b340b12a03b7f027df9,4,3,19.8,17360,29.37,1,130,0.5603157711582517,1164,1
1feb2c31197bc661f2e91f6a61d0f5f0,4,1,16.3,2136,24.08,0,288,0.5602389512783726,1165,1
5bd5e5dd2ea327f2ad4b24851895a395,4,2,40.0,25779,308.5,1,334,0.5602337314816656,1166,1
3e78ac015a71c1f0af1e93894e6f2cd1,3,3,19.71,45874,455.44,1,93,0.5602317388236739,1167,1
5d5b764d1ffa10b1a9b4b61f864dc2f0,3,1,20.0,6009,74.07,0,72,0.5602119748437072,1168,1
02179c040d0e5adf13756282fd04d8b5,3,1,15.0,17339,269.75,0,21,0.5601767135824305,1169,1
c9d7ed6d16cf43631fb7b143c86a9156,4,1,20.0,30545,376.72,0,48,0.5601705710084915,1170,1
bf67992dd821943ef1b882426e8fbee0,4,1,25.0,30191,120.75,0,159,0.5601518803288892,1171,1
1f9f7ef7528fbb7ef55dd67532c0fa02,3,2,34.64,8581,121.47,1,310,0.5600439557637651,1172,1
ce696bb9598733b5992d3fd97669ec24,4,1,23.1,44529,504.5,0,111,0.5600139220148239,1173,1
251777139bf5610873597003d2265501,4,1,20.0,68229,47.67,0,320,0.559993667601332,1174,1
b3947c212d6ea4234ee07ce7a872ebf4,3,1,15.0,26797,365.19,0,191,0.5599590201965909,1175,1
14f3ba16f4e960664e2d513d8f0bec31,4,1,17.320999999999998,4822,60.67,0,96,0.5599335834155551,1176,1
1ab928119db2b7243cf1d8add0ec4633,3,1,16.5,143739,687.83,0,298,0.5598856937981331,1177,1
adfec8a906dfa5c6d836231e65825539,4,1,26.61,110534,416.74,0,67,0.5598775063841939,1178,1
cb685760aac7647ebcfcae5ced75d223,4,2,25.0,108536,335.36,1,228,0.5598486300508103,1179,1
20a720973574468a64ee8cb8c31958ff,3,1,13.164,16660,227.72,0,126,0.5598394703561281,1180,1
360a0f0f917d03633c683ef9a7b803da,3,1,16.0,423683,192.22,0,92,0.5597417038549117,1181,1
1ba0ce987ffe17543301c25f3fe8c25d,4,1,31.5,18912,104.83,0,315,0.5596860768659238,1182,1
41d036ca493eb3143a694e3f5631e403,4,2,17.25,6062,77.11,1,165,0.5595953606514132,1183,1
43fa33671b5b453bf56750b6586569b3,4,1,37.2,328853,156.25,0,108,0.5595775656994774,1184,1
73c63df734c0948948b61dcab3153dce,3,1,15.0,28283,399.15,0,134,0.559530886265395,1185,1
46020555322dac3309813cb529e43b7b,3,1,10.392,572228,482.94,0,127,0.5595153286703671,1186,1
54b9de071b1389671cddb9c9cfbc5b3a,3,1,13.164,18644,256.94,0,52,0.5594588673313691,1187,1
9c66f56df3df73336539dd79bcc482fd,4,1,17.320999999999998,8051,98.55,0,189,0.5594246999946163,1188,1
b1ffb56cf87a9e0040d82a109b635914,4,1,19.8,6070,52.33,0,49,0.5594128416113521,1189,1
528c9026fd43e2ca30ddb71f77ae4591,5,2,26.3,79407,124.37,0,232,0.5593863109019058,1190,1
f6c831697d3f30455b250bb3c6548da1,4,1,17.32,19290,195.3,0,173,0.5593218812362594,1191,1
6075010434f40f1a5217863c3455843f,4,1,49.0,76975,526.28,0,73,0.5593215508083992,1192,1
3d578e17c9176bfe7b46c9bdac33e8d1,3,1,27.0,8882,102.72,0,198,0.5592996481827619,1193,1
4f32d8bc8a53ba0b127d3a877f7c0a7e,5,1,29.7,9650,116.66,0,287,0.5592946314139209,1194,1
a56951de4db8d7445f3c7d2ef928bcaf,4,1,35.0,44676,209.51,0,125,0.5592631480575895,1195,1
77e41abde97df6bfbe2538b6071171d9,4,1,13.856,10937,208.43,0,32,0.5592378471324567,1196,1
8f7a62c2da07325c661e7ab906e9b5bf,4,1,29.58,34378,444.9,0,87,0.5591829917002226,1197,1
3d034a1d400855662d6ec8d1b9e87cca,4,2,27.713,14456,154.08,1,150,0.559168469703122,1198,1
7f3444e4831c5da5d2fefc2fc4dd90ec,3,1,15.001,18884,210.96,0,86,0.5591684201280102,1199,1
b36e4ee364d2ee7ff5acdeba893e585c,4,1,50.0,28290,330.71,0,144,0.5590946361081989,1200,1
d02d254698ebe58a513ad48e030b1eaf,4,1,26.0,101709,757.13,0,230,0.559079705102962,1201,1
cb30f45b29973b68aa8b75b6fbaf836e,4,4,41.5,329318,444.6,1,304,0.5590795772341343,1202,1
efd5bfe81cc7039d95f48e21a5b3d591,4,1,10.392,38887,263.48,0,267,0.5589952003744665,1203,1
8946e65e0ccf6f952876e4bba30e8cc5,3,2,10.35,20226,253.89,1,186,0.558978778580847,1204,1
004eab8ff1db6804baa4742a47441dc3,3,1,17.32,7972,59.6,0,297,0.5589709674999828,1205,1
85c1c25c1c85c48d822062e32fc7420a,4,1,23.01,50997,417.62,0,162,0.5589681665368337,1206,1
a680ecd23092f898ac4c5e9e4da23c82,5,1,27.6,29377,186.34,0,180,0.558942466715008,1207,1
704de11dae0354f7798334e02941863e,4,1,13.15,97843,1182.6,0,251,0.5588521630492286,1208,1
97cecbbecf344b1255cae8da8d7b7700,3,1,17.320999999999998,40723,521.75,0,269,0.5588412805985218,1209,1
bfbf1c613b310b8428dbbb0c1a653b22,4,2,34.641,35448,114.47,0,164,0.558835935194155,1210,1
5f182d85bfa1440701c1968787fd7019,4,1,13.856,22349,369.9,0,29,0.5588290216491224,1211,1
0253fcafacb8e29022bf812c34fe9200,3,1,27.71,187731,406.32,0,210,0.5588186697734142,1212,1
eb60d8b4cdcfb0892d5e59d85e702bd1,3,1,13.856,40334,544.78,0,88,0.5588109236607068,1213,1
bd215757139d4de1d616328c964dbbf8,3,1,24.24,36398,62.3,0,138,0.5588037237969241,1214,1
a3c017c535e0ea44f28ad3be6ab67f6d,4,1,31.5,64292,671.84,0,40,0.5587650340998149,1215,1
7291a1f7ce044f5266687b845947f614,3,1,36.0,85251,862.43,0,193,0.5587374005555714,1216,1
38d83e17afa1ec30b0fbf3c099df25ba,4,2,15.78,69663,725.75,1,97,0.5587319605753,1217,1
311b30ceee500249ae82c437cc2e2cd7,4,2,13.2,18796,175.04,0,240,0.558688438563698,1218,1
c2558d81140ddfdbbe022a406fd56ab4,4,2,41.5,148103,587.17,1,198,0.5586216622430865,1219,1
97589d95ec46ab31ef238d18a616403f,4,1,17.32,45487,111.11,0,156,0.5585823223319096,1220,1
5eb6605a5aaf9fce19d86bafab3f50db,3,1,20.0,3293,35.74,0,287,0.5585699374044804,1221,1
ec740eae0d24c1e1ac1b235618d9c739,4,1,26.4,14276,168.29,0,179,0.5585357629123552,1222,1
c938160bc4c7cdd2b03b95d7d6236d7d,4,1,20.785,7981,341.37,0,32,0.5584618152166387,1223,1
c705e8f66ae37da0d3798a4442c05a3e,4,1,15.01,6168,70.29,0,168,0.5584373870474013,1224,1
aa9e00edc3b737a685bd691116fbc321,4,1,15.5,13570,52.26,0,12,0.5583944194746926,1225,1
ec13c254fa792e167e1380f3870c1937,4,1,26.3,120948,396.17,0,41,0.5583509741495747,1226,1
40483e460b837001802f82213fd7f763,5,1,30.0,16804,160.11,0,339,0.5583498350566685,1227,1
a3de0d3d12e77bbaef100b8f61753104,4,2,16.5,8113,100.41,1,73,0.5583475189518619,1228,1
a6b2a7b50b5e02192d9604c21852110c,3,1,40.0,13090,156.57,0,198,0.5583185658337858,1229,1
7f2d5afb9c4bf68386b6fd217e2bde4a,3,2,19.8,9576,110.22,1,213,0.5583182867039902,1230,1
280081b2ee8c80f7d179db2c0cf7e846,4,1,33.0,65737,526.43,0,178,0.55830842475282,1231,1
ac1d0fc1ea55f0aaae0f4afbc7217412,4,1,43.648,22280,160.27,0,156,0.5582488093065255,1232,1
4ba5b31769c5562353c7e31bfc050a44,4,1,15.1,10201,63.21,0,242,0.5582420408776407,1233,1
f2ca484de03fd33d9b2103965078a53f,3,1,66.0,38322,499.63,0,41,0.5582268234879606,1234,1
e4f3b81ca9fa80a1d81418aa9d3c75e0,4,2,19.8,28084,235.19,1,347,0.5582157280778219,1235,1
427f4ced6a5f7b55db7fbba2b572aa6a,4,2,13.856,49399,516.47,0,166,0.5582113069353831,1236,1
7cbe891c3db23e4e213d38fd8b679d03,4,2,20.0,50355,54.57,1,283,0.5582035040391774,1237,1
f78977710b9a8612ea79e71e9e25a50d,4,1,16.19,17054,181.5,0,150,0.558200142228012,1238,1
d43d373ec3cfe586b12d1b44b019d7bb,4,2,17.0,74756,797.89,0,52,0.5581677021626674,1239,1
e6b958cf8cba1f715b2ccb2d250d0825,4,2,19.8,33746,397.0,1,249,0.5581143046245982,1240,1
78de579123d1a2c2039776b32245754a,3,1,27.713,27656,182.82,0,230,0.5581030415951399,1241,1
e76a621ef42b3a06f6b99979aacebac2,5,1,17.25,249,32.91,0,141,0.5580890986975805,1242,1
8d7c1e5cb13cb0e6601e376ca229c9e2,3,1,17.320999999999998,9743,124.67,0,40,0.5580831421289733,1243,1
e8393fa7bdc27bed10367bd6fea3e414,3,1,15.1,33577,232.65,0,306,0.5580383199054335,1244,1
3460e8664692fa39677df8e0c669c1bd,4,1,15.1,20026,153.49,0,239,0.5580312979319876,1245,1
002dc7935f7b6f855aaa3d1bd242ab9a,3,1,20.785,6542,63.1,0,138,0.5579787471020488,1246,1
f1d5af5e1fff4c8acaac81dce31028d0,4,3,12.0,17855,240.86,1,125,0.5579733233305147,1247,1
6b629ef684f80c6bc6ca2d5564f384ef,3,1,34.641,36130,430.42,0,192,0.5579546983431639,1248,1
94616bb99e287c17318e0587261dfccb,4,1,15.001,99044,353.51,0,58,0.557899969861903,1249,1
8df5643c0e191ec25ce2abe42fd7ddcd,3,1,13.15,59331,361.34,0,208,0.557866594909518,1250,1
eb1b59b477ddaf14512427084a0bc0c5,4,1,19.03,9329,116.35,0,48,0.5577401260123667,1251,1
741ef9d1dddee0bb8b71ba278e201cf3,3,1,25.0,25494,371.36,0,329,0.5577234886591049,1252,1
afcd7ddfb856ceeec58f017d22f563c0,4,2,27.713,49098,208.82,1,143,0.5577086947046074,1253,1
8f68b430b88c998e7f08f037947a8771,4,1,20.785,10399,117.11,0,151,0.5576966000767356,1254,1
9b83082c6a3344976957d1d4ea1516b2,3,1,10.35,15292,187.61,0,144,0.5576934554860018,1255,1
edaf05c0f8e62f5439f993f70fd9369a,5,1,17.320999999999998,7065,47.77,0,11,0.5576852368372095,1256,1
39d44c00e029b8cf49ace8b1b21eec11,4,1,13.856,98400,271.64,0,30,0.5576822698430435,1257,1
7bc70885ee8ab9cf812e80367c8ae333,4,1,40.0,28967,317.37,0,41,0.5576459638660726,1258,1
ffd40bb684b4f82c2c16d50f7ed0258e,4,1,17.25,1893,20.74,0,144,0.5576308664442192,1259,1
8b5fb145894fe69280b97d4a8e1bd2fb,5,1,34.917,61216,663.13,0,342,0.5575944533583397,1260,1
75df8d72942db2a2645300c111540311,3,3,26.4,20798,228.89,1,60,0.5575560313946093,1261,1
9c97163d8774c8022e379e0ee8a764ba,3,1,11.5,16580,221.65,0,108,0.5575469290809736,1262,1
dce386fc9f632d8e943c3dff66794015,3,1,40.0,3811,67.39,0,262,0.5575225350482204,1263,1
da684f876e13de765a1e3c523081f042,4,2,19.919,49441,513.87,1,285,0.5575099834696622,1264,1
9b6644d87aed45e000ed9109fd86ff1c,3,1,23.6,11951,144.97,0,66,0.5575057458619387,1265,1
fb2fcf6df4709b28b5b0721bbcd110f5,4,1,12.5,20666,228.11,0,29,0.5573300780108762,1266,1
5ab137565dc7f9efa141abd63e93c5c5,3,1,33.0,725751,194.37,0,290,0.55731417917188,1267,1
b6b67d63227590cdbcd245b55c13db4d,3,1,152.4,61006,491.09,0,138,0.5573084260419757,1268,1
b5fddbc809d36e8fe2d0dd53ff1d9729,3,1,19.8,56640,289.48,0,264,0.5572908731593209,1269,1
f5e72f1a1c0d1390668ab57337ee4d93,4,1,24.25,44709,533.15,0,122,0.5572751906311492,1270,1
c1f63b046253b469d79b1b3b5abf892e,3,2,43.5,16585,194.71,1,51,0.5572538191105351,1271,1
2617b84640630cd1880cfc3cac995c82,4,1,17.320999999999998,2538,28.11,0,362,0.5572359406493576,1272,1
ee5f0a4e614c7387d359dbb104e6dd72,3,1,42.0,27479,331.04,0,121,0.5571213587673819,1273,1
16feabc279af37b3e7e924885de7f093,4,1,24.4,34939,424.92,0,164,0.557104659848352,1274,1
017d481a88d2f0a1b51600f3b7621dab,4,1,20.0,16497,74.2,0,211,0.5570827907629865,1275,1
a63b235f48d0187cfe40b61d00226813,3,2,24.249,78486,245.53,0,138,0.5570306968422689,1276,1
5525570991579cc9eaf25806cd2c0997,3,2,15.0,20819,284.34,1,187,0.5570299948658615,1277,1
88c5dfcd80c6c9576a8261b20c3947a7,3,1,13.856,47420,642.31,0,85,0.5570048697574627,1278,1
c5cb90103784d8892b5eae631d115954,5,1,19.74,13436,180.62,0,251,0.5569864281997956,1279,1
0123d2d182eaeacd016aed82b95763bf,4,1,30.8,3199,34.4,0,17,0.5569589015431743,1280,1
6c2719e0323638e7e879a9722e708fd1,4,1,20.0,23325,290.92,0,39,0.5569137265760541,1281,1
2817e3d4265304e73b56915b1100ce9b,3,1,21.2,16140,186.63,0,342,0.5568938421837518,1282,1
fdcb302ccd19d0e124652c6c332cbcc2,3,2,19.919,80914,429.6,1,189,0.5568638475345857,1283,1
cd37e6857d4d00b19fe458ec70e55e41,4,1,19.7,12312,167.01,0,322,0.5568266173335212,1284,1
a97351bb3c9949d9b1b068acbcee6173,3,1,24.249,15137,181.69,0,28,0.5568156443947054,1285,1
d92e9df51dc98a7eae9339a31c567beb,4,1,80.0,35041,434.56,0,339,0.5567703261507546,1286,1
584ebf1e76b853986b620a8e1df5dcd5,4,1,17.6,13846,170.69,0,322,0.5567216818302347,1287,1
12cfc73201d2bfa5ec35929a1d79a9c6,6,1,20.0,4894,256.85,0,135,0.5567020217123254,1288,1
87bf32e97f95ce9236ecfdaf2af294c4,3,4,27.6,11780,126.18,1,113,0.5566749041484572,1289,1
572b333be603f0248875bd065de01113,4,1,27.713,20318,250.51,0,97,0.5565903430947957,1290,1
2fae70276cd7a4874a2aefcd68d5a184,4,1,26.3,41990,504.88,0,358,0.5565718545355541,1291,1
f33500db8a0d8913a24873b638ce69e1,4,1,19.0,30401,353.07,0,87,0.556571076761559,1292,1
82e2271947ec0ca456a298e2fa38725b,4,1,33.0,18578,232.14,0,262,0.55653718462409,1293,1
8346a591fa03a12d29d36b4674d3277e,4,1,17.25,2457,25.12,0,159,0.5565359294032687,1294,1
b67e6d29a61ae29dc972bc76babcce0f,3,1,19.05,12355,149.29,0,194,0.5565077587265913,1295,1
02eca4eeda82cc2229825d5457408f25,3,1,20.0,37802,464.46,0,195,0.5564963498163218,1296,1
64a19065d3f2136837252da01185ca2c,3,1,34.5,35228,362.18,0,21,0.5564688427158265,1297,1
db185442826802c467b21adc45c78956,3,1,34.5,26967,300.86,0,194,0.556418526379758,1298,1
a1bceaa21660bd212091a9ede09fce81,4,1,31.9,109584,921.86,0,117,0.5564025980318661,1299,1
e810cfec869d76be6ad9eedf3829071f,3,1,30.0,355627,626.39,0,198,0.5563820806289502,1300,1
a5386b0fed9fd97106d1660dc6c8f461,3,2,17.25,19620,159.78,1,187,0.5563804838547868,1301,1
024cc0debba7ba84eb730f96a08bb5ca,4,1,43.64,11093,46.46,0,180,0.5563396146392534,1302,1
61e110c8a53516913686cc4157cf615a,4,1,34.641,14858,194.52,0,313,0.5563217718185004,1303,1
22611bdfd45a521a87c515ae5da9e087,3,1,155.0,60300,942.25,0,4,0.5563104485620369,1304,1
042b68abecd256b91b85834cabc09680,3,1,15.0,918,130.02,0,352,0.5562965473757224,1305,1
00420fc2b6ede48ec7e941c769a6a840,4,1,17.32,51661,465.3,0,167,0.5562794286111628,1306,1
3c8a93992b802c6daa789d20a4831d6a,3,1,20.0,3889,49.13,0,82,0.5562591537717483,1307,1
c1a921ca7a7ac210e9bac1c5683c0eae,3,1,15.2,30407,157.28,0,150,0.5562144552317446,1308,1
92721d214adee8789e5c776a1538bc84,3,3,19.8,641891,466.65,1,312,0.5562022695464309,1309,1
c7414852102c6e064703dd0484b5c5b4,3,1,13.2,17084,225.44,0,101,0.556195534010539,1310,1
1ca7e422e01ed5bb0bcd21de82008a54,3,2,15.5,23504,50.15,0,256,0.5561794982420984,1311,1
be7a29e877b8d8c0d01dc36599916fa1,4,1,17.0,35218,530.56,0,54,0.556144136969002,1312,1
1750ff82243c6d40619ffdce38834a57,4,1,20.0,26228,242.28,0,328,0.5561050576401441,1313,1
ce376ac88e0facd1583841810f68d7d2,5,1,20.0,11824,143.33,0,243,0.5560641458431644,1314,1
131e35473698ad346d4119b126dad92b,3,1,19.71,43999,518.9,0,45,0.5559824648972231,1315,1
531f2ab5ee6ade695739fd73cd82bd3f,3,1,17.25,50662,181.87,0,232,0.5559792040333882,1316,1
a08f511c8b88219163e8cd07b4330002,4,1,31.5,24708,310.54,0,35,0.5559570789178023,1317,1
de0e02de4806dbe40fb6c9df7b49de2e,4,1,30.0,44973,594.43,0,190,0.5559405805714791,1318,1
